sensor_id,timestamp,temperature,humidity,location,sensor_type
1039,2025-04-04T13:52:16.000Z,19.71,75.47,BuildingA_Floor1,TypeC
1024,2025-04-06T12:46:03.000Z,34.13,36.07,BuildingA_Floor1,TypeC
1063,2025-04-07T17:23:15.000Z,27.13,42.27,BuildingB_Floor1,TypeA
1042,2025-04-04T23:09:21.000Z,34.55,63.9,BuildingB_Floor1,TypeC
1068,2025-04-07T08:24:23.000Z,30.12,35.92,BuildingA_Floor2,TypeC
1044,2025-04-05T22:22:14.000Z,33.43,73.67,BuildingB_Floor2,TypeC
1008,2025-04-07T16:53:20.000Z,28.57,41.73,BuildingA_Floor2,TypeC
1076,2025-04-06T16:52:09.000Z,25.73,73.29,BuildingA_Floor2,TypeA
1013,2025-04-05T00:52:35.000Z,31.6,54.51,BuildingB_Floor1,TypeC
1029,2025-04-06T12:30:32.000Z,34.1,57.13,BuildingB_Floor1,TypeB
1085,2025-04-06T06:59:29.000Z,24.84,67.59,BuildingB_Floor2,TypeC
1041,2025-04-04T14:43:46.000Z,31.43,42.24,BuildingB_Floor2,TypeA
1017,2025-04-04T10:41:54.000Z,31.73,71.54,BuildingA_Floor1,TypeB
1045,2025-04-02T19:12:24.000Z,27.7,35.15,BuildingA_Floor1,TypeB
1088,2025-04-03T21:33:02.000Z,29.05,32.29,BuildingB_Floor1,TypeB
1010,2025-04-05T04:59:20.000Z,25.67,68.83,BuildingB_Floor1,TypeC
1040,2025-04-05T23:01:52.000Z,33.01,79.03,BuildingA_Floor2,TypeB
1081,2025-04-04T02:44:38.000Z,20.15,70.15,BuildingB_Floor2,TypeC
1053,2025-04-07T09:15:56.000Z,19.98,39.43,BuildingB_Floor1,TypeA
1037,2025-04-03T14:47:34.000Z,28.9,65.02,BuildingB_Floor2,TypeA
1079,2025-04-06T23:10:30.000Z,24.45,61.01,BuildingA_Floor2,TypeA
1052,2025-04-07T12:13:57.000Z,26.16,50.75,BuildingA_Floor2,TypeA
1009,2025-04-07T06:51:48.000Z,27.7,78.26,BuildingB_Floor1,TypeC
1093,2025-04-04T01:54:09.000Z,26.91,59.61,BuildingB_Floor1,TypeC
1089,2025-04-05T22:12:21.000Z,22.69,43.13,BuildingB_Floor1,TypeA
1011,2025-04-06T20:12:12.000Z,30.95,40.07,BuildingA_Floor2,TypeC
1007,2025-04-05T01:50:35.000Z,32.22,56.19,BuildingA_Floor2,TypeB
1005,2025-04-03T14:20:02.000Z,27.98,52.32,BuildingA_Floor1,TypeC
1011,2025-04-05T07:59:04.000Z,15.8,58.59,BuildingA_Floor2,TypeA
1062,2025-04-05T18:30:44.000Z,21.89,61.06,BuildingB_Floor2,TypeC
1068,2025-04-02T23:30:35.000Z,17.78,47.03,BuildingA_Floor2,TypeB
1067,2025-04-06T13:05:46.000Z,28.74,58.86,BuildingA_Floor1,TypeA
1088,2025-04-04T21:21:10.000Z,25.97,79.46,BuildingB_Floor2,TypeA
1064,2025-04-03T21:15:14.000Z,16.39,54.57,BuildingB_Floor2,TypeA
1050,2025-04-07T09:23:41.000Z,20.81,76.32,BuildingB_Floor1,TypeA
1020,2025-04-02T20:50:35.000Z,22.46,77.93,BuildingA_Floor2,TypeC
1024,2025-04-05T03:50:46.000Z,33.66,78.43,BuildingA_Floor1,TypeA
1095,2025-04-04T00:03:12.000Z,20.61,55.78,BuildingB_Floor2,TypeB
1081,2025-04-06T16:13:51.000Z,30.03,77.03,BuildingB_Floor2,TypeB
1090,2025-04-06T02:05:38.000Z,30.71,48.04,BuildingB_Floor1,TypeC
1066,2025-04-07T10:35:34.000Z,32.17,55.23,BuildingA_Floor2,TypeA
1096,2025-04-05T19:05:31.000Z,30.96,46.19,BuildingB_Floor1,TypeA
1045,2025-04-05T18:41:35.000Z,34.8,50.22,BuildingB_Floor2,TypeA
1001,2025-04-07T10:32:58.000Z,26.27,54.97,BuildingB_Floor1,TypeB
1029,2025-04-06T14:37:25.000Z,29.42,59.68,BuildingB_Floor1,TypeC
1021,2025-04-03T23:15:45.000Z,33.71,34.65,BuildingA_Floor2,TypeB
1032,2025-04-05T09:41:13.000Z,22.91,34.03,BuildingA_Floor1,TypeA
1045,2025-04-03T04:05:59.000Z,25.32,77.75,BuildingA_Floor2,TypeC
1052,2025-04-06T06:03:36.000Z,28.05,55.44,BuildingA_Floor2,TypeA
1014,2025-04-07T14:51:03.000Z,18.12,41.79,BuildingA_Floor2,TypeA
1066,2025-04-03T14:40:17.000Z,29.74,72.37,BuildingA_Floor1,TypeA
1040,2025-04-07T02:48:51.000Z,17.75,60.56,BuildingB_Floor1,TypeC
1099,2025-04-07T07:28:29.000Z,34.46,66.19,BuildingB_Floor2,TypeB
1098,2025-04-04T15:44:32.000Z,16.97,70.66,BuildingB_Floor1,TypeA
1003,2025-04-04T17:47:44.000Z,22.38,36.02,BuildingA_Floor2,TypeA
1076,2025-04-07T04:31:20.000Z,27.62,41.64,BuildingA_Floor1,TypeC
1048,2025-04-06T16:09:04.000Z,32.04,79.57,BuildingB_Floor2,TypeC
1027,2025-04-06T10:37:09.000Z,20.07,42.92,BuildingB_Floor2,TypeA
1078,2025-04-03T12:35:59.000Z,21.35,53.08,BuildingA_Floor1,TypeB
1080,2025-04-04T21:00:47.000Z,34.28,74.72,BuildingA_Floor2,TypeC
1020,2025-04-06T18:21:47.000Z,15.95,68.54,BuildingB_Floor2,TypeC
1043,2025-04-07T09:39:31.000Z,23.47,34.13,BuildingB_Floor1,TypeC
1094,2025-04-03T10:53:11.000Z,30.14,37.38,BuildingA_Floor1,TypeA
1054,2025-04-07T01:47:54.000Z,20.61,43.36,BuildingB_Floor1,TypeA
1077,2025-04-07T01:22:04.000Z,19.74,45.44,BuildingB_Floor2,TypeA
1056,2025-04-03T22:53:39.000Z,20.84,69.99,BuildingB_Floor2,TypeB
1093,2025-04-04T06:12:04.000Z,18.3,41.77,BuildingB_Floor2,TypeC
1068,2025-04-07T17:04:28.000Z,34.25,78.63,BuildingB_Floor2,TypeC
1068,2025-04-05T23:12:26.000Z,16.44,70.87,BuildingB_Floor2,TypeC
1069,2025-04-04T23:25:11.000Z,33.88,66.73,BuildingB_Floor2,TypeA
1000,2025-04-07T12:32:40.000Z,34.15,60.07,BuildingA_Floor2,TypeA
1048,2025-04-06T23:34:09.000Z,15.24,44.14,BuildingB_Floor2,TypeA
1074,2025-04-05T22:57:08.000Z,25.96,45.01,BuildingA_Floor1,TypeB
1012,2025-04-03T04:37:13.000Z,28.69,61.73,BuildingA_Floor1,TypeC
1086,2025-04-06T15:52:48.000Z,25.52,41.71,BuildingB_Floor1,TypeC
1089,2025-04-04T03:30:40.000Z,33.2,74.65,BuildingB_Floor1,TypeB
1089,2025-04-04T20:56:57.000Z,31.21,69.72,BuildingB_Floor1,TypeC
1095,2025-04-06T14:07:16.000Z,21.71,75.95,BuildingA_Floor1,TypeB
1061,2025-04-07T13:55:47.000Z,20.14,40.03,BuildingB_Floor2,TypeC
1024,2025-04-05T02:56:43.000Z,26.8,39.57,BuildingB_Floor2,TypeB
1057,2025-04-02T23:35:45.000Z,24.24,75.03,BuildingB_Floor1,TypeA
1035,2025-04-05T20:37:03.000Z,28.39,36.21,BuildingB_Floor1,TypeC
1016,2025-04-05T17:05:37.000Z,27.73,79.96,BuildingA_Floor2,TypeB
1031,2025-04-05T14:03:45.000Z,26.18,50.39,BuildingB_Floor1,TypeA
1021,2025-04-07T06:56:46.000Z,25.32,35.55,BuildingA_Floor2,TypeC
1054,2025-04-03T05:17:28.000Z,24.45,53.25,BuildingB_Floor1,TypeC
1077,2025-04-03T13:00:16.000Z,26.05,59.66,BuildingA_Floor2,TypeB
1030,2025-04-03T19:27:18.000Z,15.2,40.79,BuildingA_Floor1,TypeC
1093,2025-04-04T20:42:09.000Z,19.51,70.02,BuildingB_Floor1,TypeB
1078,2025-04-03T16:01:29.000Z,22.0,44.26,BuildingA_Floor2,TypeA
1055,2025-04-04T19:48:34.000Z,27.93,54.04,BuildingB_Floor2,TypeB
1026,2025-04-02T20:21:42.000Z,28.76,61.22,BuildingA_Floor2,TypeA
1074,2025-04-04T09:25:05.000Z,26.91,45.3,BuildingA_Floor2,TypeC
1060,2025-04-07T02:40:14.000Z,24.48,53.96,BuildingA_Floor2,TypeC
1047,2025-04-03T19:17:11.000Z,32.68,48.3,BuildingA_Floor2,TypeB
1081,2025-04-05T04:31:08.000Z,15.93,70.55,BuildingA_Floor1,TypeB
1084,2025-04-03T08:44:58.000Z,18.77,64.27,BuildingA_Floor2,TypeC
1032,2025-04-07T13:29:58.000Z,26.09,34.09,BuildingB_Floor2,TypeC
1030,2025-04-03T23:45:20.000Z,15.23,35.78,BuildingA_Floor1,TypeC
1062,2025-04-04T16:24:11.000Z,30.58,34.27,BuildingA_Floor2,TypeB
1010,2025-04-05T04:47:31.000Z,15.74,67.84,BuildingB_Floor1,TypeC
1066,2025-04-06T20:16:24.000Z,15.02,71.72,BuildingA_Floor2,TypeB
1094,2025-04-06T21:35:45.000Z,30.06,79.13,BuildingA_Floor2,TypeA
1088,2025-04-06T16:19:22.000Z,19.23,49.23,BuildingB_Floor1,TypeA
1066,2025-04-04T11:24:51.000Z,31.71,75.3,BuildingA_Floor2,TypeC
1002,2025-04-04T01:35:17.000Z,15.48,49.37,BuildingA_Floor1,TypeC
1067,2025-04-04T23:22:28.000Z,34.68,30.4,BuildingA_Floor2,TypeA
1046,2025-04-05T01:18:32.000Z,17.3,51.45,BuildingA_Floor2,TypeA
1044,2025-04-07T08:36:09.000Z,22.35,30.51,BuildingB_Floor2,TypeA
1052,2025-04-06T03:11:27.000Z,15.74,40.49,BuildingA_Floor2,TypeC
1011,2025-04-04T04:41:23.000Z,29.82,31.35,BuildingB_Floor1,TypeB
1009,2025-04-03T19:59:25.000Z,20.26,47.33,BuildingB_Floor1,TypeA
1097,2025-04-03T00:23:22.000Z,34.13,46.21,BuildingA_Floor1,TypeA
1099,2025-04-07T05:33:09.000Z,20.86,34.87,BuildingA_Floor2,TypeB
1059,2025-04-05T16:03:45.000Z,15.95,73.74,BuildingA_Floor1,TypeC
1009,2025-04-07T15:14:34.000Z,15.58,58.64,BuildingA_Floor1,TypeA
1091,2025-04-04T20:27:06.000Z,16.56,71.22,BuildingB_Floor1,TypeA
1076,2025-04-06T00:12:44.000Z,23.77,52.62,BuildingA_Floor2,TypeA
1078,2025-04-04T09:01:50.000Z,34.74,72.29,BuildingB_Floor1,TypeB
1089,2025-04-05T10:07:33.000Z,24.13,76.16,BuildingB_Floor1,TypeB
1074,2025-04-05T18:54:25.000Z,33.72,67.32,BuildingB_Floor2,TypeA
1032,2025-04-06T01:35:40.000Z,22.56,42.01,BuildingA_Floor1,TypeB
1015,2025-04-04T06:49:29.000Z,24.14,69.38,BuildingA_Floor1,TypeA
1013,2025-04-05T20:54:37.000Z,34.11,74.94,BuildingB_Floor1,TypeC
1034,2025-04-05T08:25:27.000Z,26.97,78.38,BuildingA_Floor1,TypeB
1096,2025-04-05T00:51:31.000Z,29.1,79.79,BuildingA_Floor2,TypeB
1061,2025-04-03T05:33:16.000Z,19.61,75.93,BuildingA_Floor2,TypeB
1045,2025-04-07T08:18:01.000Z,26.68,48.31,BuildingB_Floor1,TypeA
1019,2025-04-03T06:50:04.000Z,23.07,71.86,BuildingA_Floor1,TypeC
1053,2025-04-07T03:39:09.000Z,16.12,51.52,BuildingA_Floor2,TypeC
1063,2025-04-05T21:03:06.000Z,27.62,63.96,BuildingB_Floor2,TypeC
1082,2025-04-03T02:05:08.000Z,30.8,75.02,BuildingA_Floor1,TypeC
1089,2025-04-07T16:12:59.000Z,28.97,43.02,BuildingA_Floor2,TypeA
1054,2025-04-02T23:41:01.000Z,19.65,31.01,BuildingB_Floor1,TypeA
1088,2025-04-06T15:59:42.000Z,33.94,44.03,BuildingB_Floor1,TypeA
1087,2025-04-07T06:05:18.000Z,17.07,38.48,BuildingB_Floor2,TypeC
1004,2025-04-04T11:34:48.000Z,23.26,60.57,BuildingB_Floor2,TypeC
1072,2025-04-04T10:19:33.000Z,17.8,37.62,BuildingA_Floor1,TypeC
1058,2025-04-07T12:21:13.000Z,28.44,45.42,BuildingA_Floor2,TypeC
1074,2025-04-02T22:01:56.000Z,21.53,43.61,BuildingB_Floor1,TypeA
1035,2025-04-03T15:15:31.000Z,34.53,53.05,BuildingA_Floor2,TypeC
1011,2025-04-04T23:26:38.000Z,25.63,70.22,BuildingB_Floor2,TypeB
1043,2025-04-07T05:00:46.000Z,20.51,43.24,BuildingA_Floor2,TypeA
1033,2025-04-02T23:36:43.000Z,27.9,62.15,BuildingB_Floor2,TypeA
1035,2025-04-06T04:48:41.000Z,26.53,64.17,BuildingA_Floor1,TypeC
1099,2025-04-03T08:59:20.000Z,16.54,51.28,BuildingA_Floor2,TypeA
1097,2025-04-03T19:54:34.000Z,24.78,48.49,BuildingA_Floor1,TypeC
1022,2025-04-03T09:18:14.000Z,19.4,67.57,BuildingA_Floor1,TypeB
1090,2025-04-04T03:14:03.000Z,29.37,49.61,BuildingA_Floor1,TypeA
1004,2025-04-07T03:45:17.000Z,21.9,74.3,BuildingB_Floor2,TypeC
1074,2025-04-04T22:14:41.000Z,25.49,63.68,BuildingB_Floor2,TypeB
1093,2025-04-02T22:57:57.000Z,28.96,73.01,BuildingA_Floor2,TypeA
1003,2025-04-07T00:21:09.000Z,29.51,79.31,BuildingB_Floor1,TypeC
1054,2025-04-03T02:48:27.000Z,24.79,38.43,BuildingA_Floor1,TypeA
1075,2025-04-07T16:31:04.000Z,18.56,47.03,BuildingA_Floor2,TypeA
1088,2025-04-06T07:01:20.000Z,28.63,54.94,BuildingA_Floor2,TypeB
1064,2025-04-05T05:38:27.000Z,19.17,77.82,BuildingB_Floor2,TypeA
1038,2025-04-05T17:43:35.000Z,34.81,53.71,BuildingA_Floor2,TypeA
1025,2025-04-03T15:40:52.000Z,22.73,69.37,BuildingB_Floor1,TypeC
1011,2025-04-03T20:11:44.000Z,16.62,41.15,BuildingB_Floor2,TypeB
1058,2025-04-03T23:36:44.000Z,32.79,37.39,BuildingB_Floor2,TypeB
1049,2025-04-07T12:49:36.000Z,29.18,78.71,BuildingA_Floor1,TypeC
1008,2025-04-05T02:35:54.000Z,20.1,38.92,BuildingB_Floor1,TypeC
1008,2025-04-06T11:43:00.000Z,29.43,62.47,BuildingB_Floor1,TypeB
1029,2025-04-04T06:32:49.000Z,21.56,61.08,BuildingB_Floor2,TypeA
1072,2025-04-06T09:05:04.000Z,33.26,75.61,BuildingA_Floor2,TypeB
1031,2025-04-06T16:20:07.000Z,30.07,58.42,BuildingA_Floor1,TypeC
1044,2025-04-06T19:27:00.000Z,33.66,43.31,BuildingB_Floor2,TypeA
1063,2025-04-03T01:56:52.000Z,23.87,76.6,BuildingA_Floor2,TypeC
1024,2025-04-05T00:14:54.000Z,33.94,66.67,BuildingA_Floor2,TypeA
1044,2025-04-03T11:39:56.000Z,22.9,34.0,BuildingB_Floor2,TypeA
1034,2025-04-06T03:13:27.000Z,32.18,67.57,BuildingA_Floor1,TypeB
1097,2025-04-03T02:00:44.000Z,16.35,73.96,BuildingA_Floor1,TypeB
1051,2025-04-04T06:40:29.000Z,25.99,66.41,BuildingB_Floor1,TypeA
1086,2025-04-02T21:28:28.000Z,21.79,75.95,BuildingB_Floor2,TypeC
1043,2025-04-07T03:14:10.000Z,33.0,52.13,BuildingB_Floor1,TypeA
1079,2025-04-06T02:39:09.000Z,26.28,57.21,BuildingB_Floor2,TypeC
1058,2025-04-06T16:36:15.000Z,19.67,56.07,BuildingA_Floor2,TypeC
1070,2025-04-06T02:41:42.000Z,24.69,30.95,BuildingA_Floor1,TypeC
1047,2025-04-07T17:22:55.000Z,19.49,31.98,BuildingA_Floor1,TypeB
1049,2025-04-06T19:28:39.000Z,28.89,61.41,BuildingA_Floor2,TypeB
1088,2025-04-03T15:23:49.000Z,30.78,73.03,BuildingB_Floor2,TypeC
1094,2025-04-05T20:55:49.000Z,30.25,70.6,BuildingB_Floor1,TypeB
1096,2025-04-03T21:08:03.000Z,32.81,67.75,BuildingB_Floor2,TypeB
1024,2025-04-03T18:53:53.000Z,29.75,78.75,BuildingB_Floor2,TypeA
1011,2025-04-03T10:00:41.000Z,34.44,31.31,BuildingA_Floor1,TypeC
1013,2025-04-05T01:05:33.000Z,23.28,35.94,BuildingB_Floor1,TypeA
1048,2025-04-06T19:27:40.000Z,33.68,46.46,BuildingA_Floor1,TypeC
1088,2025-04-06T05:19:34.000Z,15.53,63.95,BuildingB_Floor2,TypeB
1091,2025-04-07T09:52:07.000Z,20.92,45.13,BuildingA_Floor2,TypeC
1089,2025-04-03T01:24:37.000Z,31.49,78.48,BuildingA_Floor2,TypeB
1058,2025-04-05T09:55:30.000Z,33.27,42.32,BuildingB_Floor1,TypeB
1019,2025-04-05T15:47:23.000Z,24.3,51.09,BuildingA_Floor2,TypeA
1098,2025-04-05T03:39:07.000Z,29.97,59.76,BuildingB_Floor1,TypeC
1014,2025-04-05T12:09:34.000Z,19.29,78.28,BuildingA_Floor2,TypeB
1057,2025-04-05T23:38:47.000Z,15.06,71.03,BuildingB_Floor1,TypeC
1100,2025-04-03T03:48:32.000Z,24.06,37.87,BuildingA_Floor2,TypeB
1004,2025-04-03T04:32:40.000Z,21.37,36.1,BuildingB_Floor1,TypeC
1029,2025-04-04T10:10:15.000Z,17.81,65.99,BuildingB_Floor2,TypeB
1074,2025-04-04T23:23:37.000Z,15.25,53.39,BuildingB_Floor2,TypeB
1075,2025-04-04T10:11:04.000Z,31.77,65.15,BuildingB_Floor1,TypeA
1077,2025-04-04T23:47:54.000Z,19.89,71.42,BuildingB_Floor2,TypeA
1078,2025-04-06T09:07:28.000Z,16.71,45.53,BuildingB_Floor2,TypeC
1056,2025-04-04T19:11:44.000Z,22.59,61.94,BuildingB_Floor2,TypeA
1062,2025-04-04T20:46:38.000Z,25.23,73.43,BuildingB_Floor2,TypeC
1022,2025-04-05T11:28:53.000Z,20.36,35.91,BuildingA_Floor1,TypeB
1095,2025-04-06T16:23:42.000Z,23.63,73.7,BuildingB_Floor2,TypeC
1098,2025-04-06T15:54:32.000Z,15.59,73.27,BuildingB_Floor2,TypeB
1060,2025-04-06T23:02:54.000Z,19.04,73.36,BuildingA_Floor2,TypeC
1022,2025-04-07T02:22:13.000Z,33.43,62.81,BuildingB_Floor2,TypeA
1060,2025-04-05T10:20:25.000Z,18.59,49.06,BuildingB_Floor1,TypeC
1054,2025-04-05T10:11:53.000Z,26.48,30.02,BuildingB_Floor2,TypeB
1039,2025-04-07T17:24:40.000Z,33.37,43.33,BuildingB_Floor1,TypeB
1087,2025-04-07T10:04:16.000Z,30.39,69.51,BuildingA_Floor2,TypeC
1073,2025-04-06T07:39:43.000Z,24.28,55.37,BuildingB_Floor1,TypeA
1014,2025-04-03T23:09:20.000Z,26.99,66.18,BuildingA_Floor2,TypeB
1038,2025-04-06T17:19:12.000Z,34.08,79.13,BuildingA_Floor1,TypeB
1053,2025-04-07T11:26:54.000Z,15.44,75.3,BuildingA_Floor1,TypeA
1010,2025-04-04T23:16:25.000Z,31.79,47.56,BuildingB_Floor2,TypeA
1041,2025-04-07T03:28:57.000Z,23.49,68.36,BuildingB_Floor2,TypeA
1032,2025-04-07T16:14:53.000Z,22.74,52.22,BuildingB_Floor2,TypeA
1077,2025-04-06T05:10:12.000Z,19.63,74.81,BuildingA_Floor2,TypeC
1095,2025-04-05T08:13:49.000Z,33.38,73.0,BuildingA_Floor1,TypeB
1065,2025-04-04T02:29:08.000Z,30.84,69.54,BuildingB_Floor1,TypeB
1011,2025-04-06T09:20:21.000Z,21.9,55.66,BuildingB_Floor1,TypeA
1039,2025-04-04T06:00:43.000Z,23.15,46.63,BuildingB_Floor2,TypeA
1048,2025-04-05T05:05:53.000Z,26.12,79.73,BuildingB_Floor2,TypeB
1064,2025-04-07T06:32:53.000Z,17.1,71.31,BuildingB_Floor1,TypeB
1089,2025-04-04T07:15:55.000Z,30.28,48.95,BuildingA_Floor2,TypeA
1037,2025-04-04T14:01:49.000Z,18.88,54.7,BuildingA_Floor2,TypeB
1043,2025-04-05T15:56:06.000Z,29.23,74.42,BuildingB_Floor2,TypeC
1053,2025-04-05T17:23:41.000Z,22.56,55.98,BuildingB_Floor2,TypeB
1089,2025-04-07T14:07:01.000Z,29.03,48.01,BuildingB_Floor1,TypeB
1025,2025-04-07T17:49:09.000Z,29.17,59.37,BuildingA_Floor1,TypeC
1094,2025-04-04T04:35:53.000Z,20.14,55.05,BuildingA_Floor1,TypeC
1004,2025-04-07T07:44:35.000Z,26.78,52.0,BuildingA_Floor1,TypeA
1012,2025-04-07T02:44:10.000Z,27.1,54.78,BuildingB_Floor1,TypeA
1013,2025-04-04T07:21:17.000Z,34.24,38.42,BuildingB_Floor1,TypeA
1010,2025-04-07T15:10:34.000Z,19.53,61.52,BuildingA_Floor1,TypeB
1010,2025-04-07T00:05:49.000Z,17.88,67.56,BuildingB_Floor2,TypeB
1018,2025-04-04T05:54:12.000Z,26.95,58.7,BuildingA_Floor1,TypeA
1041,2025-04-06T09:32:33.000Z,25.76,50.53,BuildingB_Floor2,TypeB
1100,2025-04-07T08:09:01.000Z,23.72,39.41,BuildingB_Floor2,TypeA
1010,2025-04-05T23:49:35.000Z,25.99,74.68,BuildingB_Floor1,TypeC
1023,2025-04-07T15:18:48.000Z,20.71,59.58,BuildingB_Floor1,TypeA
1047,2025-04-05T13:24:17.000Z,26.58,43.7,BuildingA_Floor1,TypeC
1092,2025-04-03T01:50:19.000Z,24.95,36.68,BuildingA_Floor2,TypeC
1003,2025-04-06T18:21:31.000Z,30.62,35.8,BuildingA_Floor1,TypeA
1032,2025-04-05T22:35:26.000Z,31.58,69.38,BuildingA_Floor1,TypeB
1033,2025-04-06T13:56:06.000Z,22.74,68.36,BuildingB_Floor2,TypeA
1090,2025-04-05T20:48:12.000Z,25.65,50.29,BuildingB_Floor2,TypeB
1068,2025-04-03T19:31:28.000Z,30.56,73.62,BuildingA_Floor1,TypeB
1004,2025-04-07T08:50:48.000Z,29.35,55.07,BuildingB_Floor1,TypeB
1079,2025-04-06T18:51:26.000Z,23.51,68.49,BuildingA_Floor2,TypeC
1052,2025-04-07T05:58:53.000Z,34.88,31.22,BuildingB_Floor1,TypeB
1057,2025-04-03T13:20:14.000Z,24.37,42.17,BuildingB_Floor1,TypeC
1030,2025-04-06T20:25:39.000Z,20.53,78.09,BuildingB_Floor2,TypeB
1025,2025-04-03T03:55:31.000Z,20.19,58.89,BuildingA_Floor1,TypeC
1089,2025-04-05T13:50:52.000Z,30.16,56.49,BuildingB_Floor2,TypeA
1072,2025-04-03T11:59:01.000Z,24.8,55.37,BuildingA_Floor1,TypeB
1049,2025-04-03T12:38:53.000Z,17.46,62.52,BuildingA_Floor2,TypeC
1072,2025-04-03T04:50:46.000Z,19.8,42.39,BuildingA_Floor2,TypeB
1048,2025-04-05T02:25:21.000Z,34.24,66.23,BuildingA_Floor1,TypeA
1044,2025-04-05T01:24:26.000Z,28.73,73.24,BuildingB_Floor2,TypeB
1078,2025-04-05T22:59:39.000Z,29.97,38.66,BuildingB_Floor1,TypeA
1036,2025-04-03T09:19:25.000Z,28.21,75.68,BuildingB_Floor1,TypeC
1083,2025-04-06T15:38:07.000Z,24.95,31.06,BuildingB_Floor2,TypeA
1073,2025-04-02T19:16:48.000Z,33.5,49.41,BuildingB_Floor2,TypeA
1046,2025-04-04T09:42:06.000Z,30.27,61.52,BuildingA_Floor1,TypeC
1051,2025-04-04T08:08:19.000Z,20.71,58.36,BuildingB_Floor2,TypeB
1090,2025-04-06T01:57:03.000Z,30.28,73.51,BuildingA_Floor1,TypeC
1086,2025-04-04T15:47:28.000Z,17.29,77.9,BuildingB_Floor1,TypeC
1011,2025-04-06T13:58:12.000Z,16.26,30.07,BuildingB_Floor2,TypeA
1100,2025-04-04T09:06:00.000Z,16.79,52.22,BuildingB_Floor1,TypeB
1042,2025-04-05T13:29:10.000Z,26.09,36.83,BuildingA_Floor2,TypeC
1013,2025-04-06T09:57:41.000Z,29.04,60.66,BuildingA_Floor1,TypeC
1097,2025-04-02T19:25:00.000Z,21.06,79.24,BuildingB_Floor1,TypeA
1072,2025-04-02T21:37:59.000Z,21.91,51.33,BuildingA_Floor1,TypeA
1002,2025-04-03T15:55:13.000Z,19.92,48.47,BuildingB_Floor1,TypeB
1074,2025-04-03T10:44:25.000Z,27.74,35.78,BuildingB_Floor1,TypeB
1048,2025-04-05T15:20:20.000Z,24.78,44.6,BuildingB_Floor2,TypeB
1089,2025-04-03T01:33:03.000Z,29.11,76.48,BuildingB_Floor2,TypeB
1045,2025-04-04T05:12:34.000Z,15.33,34.74,BuildingA_Floor1,TypeA
1100,2025-04-06T08:58:53.000Z,31.7,42.54,BuildingB_Floor1,TypeC
1078,2025-04-05T17:37:50.000Z,17.9,46.86,BuildingA_Floor2,TypeC
1007,2025-04-05T11:20:35.000Z,20.88,30.55,BuildingA_Floor2,TypeA
1055,2025-04-07T16:38:35.000Z,32.18,60.71,BuildingA_Floor2,TypeA
1069,2025-04-06T18:59:22.000Z,24.42,66.74,BuildingB_Floor2,TypeA
1084,2025-04-07T09:50:35.000Z,18.7,32.42,BuildingA_Floor1,TypeA
1072,2025-04-04T18:09:34.000Z,15.61,34.2,BuildingB_Floor2,TypeA
1054,2025-04-07T16:05:03.000Z,30.62,51.69,BuildingA_Floor1,TypeA
1052,2025-04-04T06:07:38.000Z,20.59,40.39,BuildingA_Floor2,TypeA
1033,2025-04-07T01:53:44.000Z,24.94,38.46,BuildingA_Floor1,TypeC
1065,2025-04-07T02:22:07.000Z,19.0,49.96,BuildingB_Floor2,TypeB
1011,2025-04-07T01:03:21.000Z,29.58,78.92,BuildingB_Floor2,TypeC
1018,2025-04-06T07:17:30.000Z,16.4,62.64,BuildingA_Floor1,TypeC
1086,2025-04-05T19:35:02.000Z,19.87,55.44,BuildingB_Floor1,TypeB
1070,2025-04-03T20:16:54.000Z,33.05,38.63,BuildingB_Floor2,TypeA
1061,2025-04-03T03:58:10.000Z,24.46,77.28,BuildingB_Floor1,TypeC
1027,2025-04-04T17:17:36.000Z,33.85,47.67,BuildingA_Floor2,TypeC
1089,2025-04-06T05:51:40.000Z,29.68,54.17,BuildingA_Floor1,TypeC
1024,2025-04-04T15:42:41.000Z,33.49,44.49,BuildingA_Floor1,TypeC
1057,2025-04-03T13:47:14.000Z,17.9,64.73,BuildingA_Floor1,TypeB
1083,2025-04-04T19:46:43.000Z,19.12,46.37,BuildingA_Floor2,TypeA
1064,2025-04-04T00:41:44.000Z,29.2,79.87,BuildingA_Floor1,TypeB
1075,2025-04-07T07:34:06.000Z,25.68,75.14,BuildingB_Floor2,TypeB
1038,2025-04-03T06:56:30.000Z,27.75,66.75,BuildingA_Floor1,TypeC
1031,2025-04-05T00:17:14.000Z,27.75,30.41,BuildingA_Floor1,TypeA
1081,2025-04-02T23:01:07.000Z,31.06,65.2,BuildingA_Floor1,TypeC
1098,2025-04-07T02:22:14.000Z,32.83,77.14,BuildingB_Floor1,TypeB
1018,2025-04-04T04:31:32.000Z,30.31,66.45,BuildingB_Floor2,TypeC
1082,2025-04-02T22:12:44.000Z,19.49,31.69,BuildingB_Floor1,TypeB
1019,2025-04-06T15:03:05.000Z,32.1,33.98,BuildingA_Floor1,TypeC
1079,2025-04-03T11:34:38.000Z,26.92,43.57,BuildingA_Floor2,TypeC
1026,2025-04-06T08:37:35.000Z,28.53,43.39,BuildingB_Floor2,TypeB
1030,2025-04-03T22:43:55.000Z,24.56,66.17,BuildingB_Floor2,TypeA
1025,2025-04-05T03:43:26.000Z,19.19,59.02,BuildingB_Floor1,TypeA
1005,2025-04-05T03:34:00.000Z,18.31,59.45,BuildingB_Floor1,TypeC
1003,2025-04-03T15:22:35.000Z,24.98,32.49,BuildingA_Floor1,TypeA
1068,2025-04-03T04:45:57.000Z,19.29,35.85,BuildingB_Floor1,TypeB
1051,2025-04-06T20:28:25.000Z,28.51,50.81,BuildingB_Floor1,TypeA
1062,2025-04-03T13:26:15.000Z,16.36,40.94,BuildingA_Floor1,TypeC
1098,2025-04-05T07:11:23.000Z,32.49,60.61,BuildingB_Floor1,TypeC
1056,2025-04-04T21:56:06.000Z,30.89,47.41,BuildingB_Floor1,TypeC
1050,2025-04-05T02:57:30.000Z,16.74,69.21,BuildingA_Floor2,TypeC
1015,2025-04-04T01:55:54.000Z,22.34,57.47,BuildingB_Floor2,TypeB
1044,2025-04-05T03:38:25.000Z,16.78,54.81,BuildingB_Floor1,TypeB
1042,2025-04-07T04:05:45.000Z,19.7,67.93,BuildingB_Floor2,TypeA
1042,2025-04-05T14:56:13.000Z,25.1,51.79,BuildingB_Floor1,TypeB
1083,2025-04-05T21:46:32.000Z,21.74,78.78,BuildingB_Floor2,TypeC
1067,2025-04-04T16:28:16.000Z,32.34,55.2,BuildingB_Floor2,TypeA
1056,2025-04-05T09:56:43.000Z,32.41,77.41,BuildingB_Floor2,TypeB
1068,2025-04-03T16:28:14.000Z,21.57,48.81,BuildingA_Floor2,TypeB
1054,2025-04-03T06:04:14.000Z,32.41,58.4,BuildingA_Floor1,TypeA
1080,2025-04-04T13:21:44.000Z,19.3,71.37,BuildingB_Floor2,TypeB
1019,2025-04-03T05:52:32.000Z,31.76,69.51,BuildingB_Floor1,TypeB
1096,2025-04-03T19:55:25.000Z,34.04,45.67,BuildingB_Floor1,TypeA
1088,2025-04-05T04:27:30.000Z,31.18,38.45,BuildingA_Floor1,TypeC
1047,2025-04-07T07:48:48.000Z,33.15,48.46,BuildingB_Floor2,TypeB
1053,2025-04-06T07:43:53.000Z,30.09,72.82,BuildingA_Floor1,TypeC
1049,2025-04-06T15:57:12.000Z,22.94,63.02,BuildingB_Floor1,TypeA
1071,2025-04-03T23:38:55.000Z,32.24,35.35,BuildingB_Floor2,TypeA
1087,2025-04-05T15:44:37.000Z,15.56,66.94,BuildingB_Floor1,TypeB
1066,2025-04-05T22:57:06.000Z,16.99,61.51,BuildingB_Floor2,TypeB
1053,2025-04-04T05:29:03.000Z,29.28,43.93,BuildingA_Floor2,TypeC
1019,2025-04-03T18:57:46.000Z,26.03,43.05,BuildingA_Floor1,TypeC
1012,2025-04-06T18:21:15.000Z,26.03,75.51,BuildingA_Floor1,TypeB
1079,2025-04-04T17:39:12.000Z,32.58,70.98,BuildingA_Floor2,TypeC
1027,2025-04-02T22:45:39.000Z,34.1,38.99,BuildingB_Floor1,TypeC
1086,2025-04-04T00:39:42.000Z,26.31,62.56,BuildingA_Floor2,TypeC
1054,2025-04-03T16:48:33.000Z,32.16,42.24,BuildingA_Floor2,TypeA
1061,2025-04-03T10:24:27.000Z,18.52,77.54,BuildingA_Floor2,TypeA
1042,2025-04-05T08:44:03.000Z,28.34,41.07,BuildingA_Floor1,TypeB
1005,2025-04-06T13:09:29.000Z,18.05,73.9,BuildingA_Floor2,TypeA
1067,2025-04-05T03:43:06.000Z,18.34,50.03,BuildingA_Floor2,TypeC
1069,2025-04-07T04:27:22.000Z,23.49,45.2,BuildingB_Floor2,TypeA
1088,2025-04-07T04:22:23.000Z,29.21,62.19,BuildingB_Floor1,TypeC
1015,2025-04-05T21:09:39.000Z,32.77,45.59,BuildingA_Floor2,TypeB
1050,2025-04-07T06:24:16.000Z,23.4,50.37,BuildingA_Floor2,TypeB
1028,2025-04-05T16:37:17.000Z,32.05,55.84,BuildingB_Floor2,TypeA
1050,2025-04-04T09:42:09.000Z,19.16,77.17,BuildingA_Floor1,TypeB
1040,2025-04-04T04:10:51.000Z,32.1,68.84,BuildingB_Floor2,TypeB
1024,2025-04-07T12:27:43.000Z,22.49,47.99,BuildingA_Floor2,TypeA
1017,2025-04-05T22:04:34.000Z,30.83,51.57,BuildingA_Floor1,TypeB
1062,2025-04-05T03:59:22.000Z,23.93,35.84,BuildingA_Floor2,TypeB
1068,2025-04-04T18:32:38.000Z,20.29,58.04,BuildingB_Floor1,TypeC
1074,2025-04-07T08:32:45.000Z,25.77,57.53,BuildingA_Floor2,TypeC
1090,2025-04-03T17:39:45.000Z,23.41,63.52,BuildingA_Floor1,TypeA
1005,2025-04-03T23:00:54.000Z,28.49,57.96,BuildingB_Floor1,TypeB
1093,2025-04-04T15:00:43.000Z,30.33,60.59,BuildingB_Floor2,TypeB
1025,2025-04-05T23:46:21.000Z,32.75,69.68,BuildingB_Floor2,TypeB
1019,2025-04-05T20:57:10.000Z,22.72,31.87,BuildingA_Floor2,TypeB
1060,2025-04-05T19:12:24.000Z,26.13,67.67,BuildingA_Floor1,TypeB
1076,2025-04-04T00:56:12.000Z,24.18,73.25,BuildingA_Floor2,TypeB
1016,2025-04-03T14:59:38.000Z,21.36,63.92,BuildingB_Floor2,TypeB
1081,2025-04-07T16:00:47.000Z,22.3,55.72,BuildingB_Floor2,TypeC
1038,2025-04-05T04:47:43.000Z,29.15,72.5,BuildingA_Floor2,TypeC
1071,2025-04-03T20:25:29.000Z,18.93,60.53,BuildingA_Floor1,TypeB
1050,2025-04-06T21:12:40.000Z,19.1,79.2,BuildingA_Floor1,TypeC
1014,2025-04-06T09:37:03.000Z,16.14,55.42,BuildingA_Floor2,TypeB
1007,2025-04-03T04:45:18.000Z,20.75,76.93,BuildingA_Floor1,TypeC
1034,2025-04-04T08:54:20.000Z,27.58,67.75,BuildingA_Floor1,TypeA
1050,2025-04-04T04:14:46.000Z,22.61,38.74,BuildingA_Floor2,TypeC
1027,2025-04-06T03:36:09.000Z,22.08,39.75,BuildingB_Floor1,TypeC
1082,2025-04-03T05:02:14.000Z,25.5,44.8,BuildingB_Floor1,TypeB
1099,2025-04-07T07:58:26.000Z,17.89,41.59,BuildingA_Floor1,TypeB
1036,2025-04-06T07:14:17.000Z,33.47,68.36,BuildingA_Floor2,TypeC
1099,2025-04-06T13:42:15.000Z,33.87,53.13,BuildingA_Floor1,TypeB
1015,2025-04-05T17:55:57.000Z,33.87,50.78,BuildingA_Floor1,TypeA
1086,2025-04-07T06:48:17.000Z,31.15,67.66,BuildingB_Floor2,TypeC
1005,2025-04-03T02:01:03.000Z,34.91,47.97,BuildingA_Floor1,TypeA
1100,2025-04-04T02:01:57.000Z,29.19,74.49,BuildingA_Floor2,TypeA
1079,2025-04-05T08:35:56.000Z,15.05,75.66,BuildingB_Floor2,TypeC
1026,2025-04-07T13:09:09.000Z,26.62,41.08,BuildingB_Floor2,TypeB
1089,2025-04-07T02:38:47.000Z,17.44,60.04,BuildingA_Floor2,TypeC
1095,2025-04-07T02:09:38.000Z,31.25,72.38,BuildingB_Floor1,TypeB
1098,2025-04-06T10:38:57.000Z,15.73,40.68,BuildingA_Floor1,TypeA
1064,2025-04-04T03:39:06.000Z,16.91,33.99,BuildingB_Floor2,TypeC
1009,2025-04-05T20:53:14.000Z,21.81,62.87,BuildingB_Floor1,TypeB
1059,2025-04-04T12:48:29.000Z,23.91,51.42,BuildingB_Floor1,TypeC
1038,2025-04-07T05:35:40.000Z,32.18,32.27,BuildingB_Floor1,TypeB
1088,2025-04-05T11:45:28.000Z,15.09,66.17,BuildingB_Floor1,TypeB
1000,2025-04-04T05:44:07.000Z,18.82,73.64,BuildingB_Floor2,TypeC
1082,2025-04-06T19:13:02.000Z,31.35,42.86,BuildingB_Floor1,TypeC
1079,2025-04-04T04:11:41.000Z,22.42,72.38,BuildingA_Floor2,TypeB
1047,2025-04-06T19:47:07.000Z,15.46,41.35,BuildingA_Floor2,TypeC
1061,2025-04-05T03:15:53.000Z,22.56,62.75,BuildingA_Floor2,TypeC
1024,2025-04-04T18:19:15.000Z,18.43,68.26,BuildingB_Floor1,TypeC
1093,2025-04-03T11:53:41.000Z,33.87,75.11,BuildingB_Floor1,TypeA
1007,2025-04-03T23:12:15.000Z,16.79,76.09,BuildingB_Floor2,TypeC
1054,2025-04-07T13:13:53.000Z,30.02,58.72,BuildingB_Floor2,TypeA
1007,2025-04-04T10:13:37.000Z,31.53,77.58,BuildingB_Floor2,TypeA
1035,2025-04-06T17:59:31.000Z,34.04,74.14,BuildingB_Floor1,TypeB
1041,2025-04-06T23:34:00.000Z,25.32,35.3,BuildingB_Floor2,TypeC
1019,2025-04-06T12:07:48.000Z,29.38,73.5,BuildingA_Floor2,TypeA
1070,2025-04-04T02:48:47.000Z,15.79,64.09,BuildingA_Floor2,TypeB
1039,2025-04-03T20:28:39.000Z,26.54,53.53,BuildingA_Floor1,TypeC
1022,2025-04-04T00:07:35.000Z,24.57,51.03,BuildingA_Floor2,TypeC
1051,2025-04-03T10:19:42.000Z,32.76,50.0,BuildingB_Floor2,TypeB
1080,2025-04-07T17:12:10.000Z,33.25,79.3,BuildingB_Floor2,TypeA
1051,2025-04-05T18:23:17.000Z,30.98,69.26,BuildingB_Floor1,TypeB
1025,2025-04-04T19:22:43.000Z,24.09,76.31,BuildingA_Floor2,TypeC
1006,2025-04-07T17:04:53.000Z,15.45,79.63,BuildingA_Floor1,TypeA
1075,2025-04-07T12:35:31.000Z,24.51,79.88,BuildingA_Floor2,TypeB
1077,2025-04-03T11:45:03.000Z,26.51,53.47,BuildingA_Floor2,TypeC
1049,2025-04-07T13:46:04.000Z,24.34,59.39,BuildingB_Floor2,TypeB
1067,2025-04-04T06:42:47.000Z,32.49,79.26,BuildingA_Floor1,TypeB
1091,2025-04-05T15:18:22.000Z,20.52,34.66,BuildingA_Floor1,TypeB
1086,2025-04-02T22:11:14.000Z,15.04,60.51,BuildingB_Floor1,TypeC
1070,2025-04-06T13:07:54.000Z,31.96,61.35,BuildingA_Floor1,TypeB
1087,2025-04-04T10:57:04.000Z,24.83,56.81,BuildingB_Floor2,TypeB
1027,2025-04-03T23:29:06.000Z,20.12,36.93,BuildingA_Floor2,TypeC
1095,2025-04-06T07:40:08.000Z,20.1,48.69,BuildingB_Floor2,TypeC
1023,2025-04-07T01:20:58.000Z,24.96,52.61,BuildingA_Floor1,TypeC
1060,2025-04-03T06:12:21.000Z,34.81,35.18,BuildingB_Floor2,TypeC
1096,2025-04-06T06:23:07.000Z,23.68,46.33,BuildingB_Floor2,TypeB
1046,2025-04-05T18:03:36.000Z,21.34,39.89,BuildingB_Floor1,TypeC
1090,2025-04-06T08:04:10.000Z,16.73,64.26,BuildingB_Floor1,TypeC
1091,2025-04-07T09:59:54.000Z,27.67,49.27,BuildingA_Floor2,TypeB
1090,2025-04-06T02:40:54.000Z,17.24,30.11,BuildingB_Floor2,TypeB
1094,2025-04-03T20:16:42.000Z,16.82,76.79,BuildingB_Floor2,TypeB
1052,2025-04-03T20:38:07.000Z,20.32,33.38,BuildingA_Floor2,TypeA
1094,2025-04-05T03:25:32.000Z,18.49,76.26,BuildingA_Floor1,TypeC
1067,2025-04-06T03:34:26.000Z,31.18,57.53,BuildingA_Floor2,TypeA
1017,2025-04-04T17:53:06.000Z,20.94,35.26,BuildingB_Floor1,TypeB
1049,2025-04-07T05:46:09.000Z,29.24,50.79,BuildingB_Floor2,TypeB
1074,2025-04-04T07:08:19.000Z,26.09,77.75,BuildingB_Floor1,TypeB
1085,2025-04-03T06:11:53.000Z,19.12,63.47,BuildingA_Floor2,TypeC
1034,2025-04-05T13:24:19.000Z,16.96,44.59,BuildingB_Floor2,TypeC
1050,2025-04-04T03:27:36.000Z,22.15,46.74,BuildingA_Floor1,TypeB
1014,2025-04-04T10:28:19.000Z,26.5,37.74,BuildingB_Floor1,TypeB
1061,2025-04-03T05:48:00.000Z,15.01,45.2,BuildingA_Floor1,TypeA
1008,2025-04-07T13:39:36.000Z,21.06,37.25,BuildingB_Floor1,TypeB
1098,2025-04-04T10:11:50.000Z,24.86,61.44,BuildingA_Floor2,TypeB
1001,2025-04-03T23:30:07.000Z,30.97,34.96,BuildingB_Floor2,TypeA
1059,2025-04-04T08:40:27.000Z,30.79,44.77,BuildingA_Floor2,TypeC
1087,2025-04-04T05:39:02.000Z,23.8,65.73,BuildingB_Floor2,TypeB
1011,2025-04-07T09:48:35.000Z,33.07,34.39,BuildingA_Floor2,TypeA
1016,2025-04-06T06:53:18.000Z,32.46,40.48,BuildingA_Floor2,TypeA
1019,2025-04-04T18:37:47.000Z,34.29,78.15,BuildingB_Floor1,TypeA
1067,2025-04-04T07:10:08.000Z,30.53,57.78,BuildingA_Floor2,TypeA
1092,2025-04-06T04:55:15.000Z,28.54,73.83,BuildingB_Floor1,TypeA
1070,2025-04-04T01:00:29.000Z,18.39,53.76,BuildingB_Floor1,TypeC
1071,2025-04-04T05:37:50.000Z,25.2,64.23,BuildingB_Floor1,TypeB
1049,2025-04-02T23:46:33.000Z,30.36,66.33,BuildingA_Floor1,TypeA
1070,2025-04-06T13:51:24.000Z,33.24,59.34,BuildingA_Floor2,TypeA
1080,2025-04-04T15:23:18.000Z,16.32,43.73,BuildingA_Floor2,TypeC
1048,2025-04-02T22:30:03.000Z,25.94,67.98,BuildingA_Floor1,TypeB
1036,2025-04-04T14:05:53.000Z,33.09,62.38,BuildingB_Floor1,TypeA
1075,2025-04-03T04:31:23.000Z,16.91,49.23,BuildingB_Floor2,TypeC
1012,2025-04-03T23:41:20.000Z,18.99,71.57,BuildingA_Floor1,TypeB
1077,2025-04-03T23:54:16.000Z,21.5,69.71,BuildingB_Floor2,TypeC
1059,2025-04-07T02:36:30.000Z,27.08,40.47,BuildingB_Floor1,TypeC
1058,2025-04-04T15:19:03.000Z,28.44,54.85,BuildingA_Floor1,TypeB
1014,2025-04-06T14:34:29.000Z,30.77,69.17,BuildingB_Floor2,TypeA
1081,2025-04-02T21:04:22.000Z,20.42,79.8,BuildingB_Floor1,TypeB
1091,2025-04-05T18:03:45.000Z,18.62,44.53,BuildingA_Floor1,TypeB
1017,2025-04-05T20:52:48.000Z,22.79,52.74,BuildingA_Floor1,TypeB
1022,2025-04-04T16:22:37.000Z,26.55,44.31,BuildingB_Floor1,TypeB
1034,2025-04-05T14:06:04.000Z,21.28,78.91,BuildingB_Floor2,TypeC
1090,2025-04-03T16:14:22.000Z,31.8,50.32,BuildingB_Floor2,TypeA
1063,2025-04-04T19:03:39.000Z,27.81,51.8,BuildingB_Floor1,TypeA
1053,2025-04-04T00:51:06.000Z,23.06,65.95,BuildingA_Floor1,TypeB
1062,2025-04-07T02:52:54.000Z,30.15,64.99,BuildingB_Floor1,TypeA
1052,2025-04-06T08:01:10.000Z,22.36,58.59,BuildingA_Floor2,TypeA
1035,2025-04-05T22:11:36.000Z,28.18,64.18,BuildingA_Floor2,TypeA
1074,2025-04-04T23:34:31.000Z,31.87,49.19,BuildingA_Floor1,TypeB
1088,2025-04-04T16:39:21.000Z,17.78,32.94,BuildingA_Floor2,TypeA
1024,2025-04-03T10:23:58.000Z,25.74,61.81,BuildingA_Floor1,TypeA
1091,2025-04-07T09:06:07.000Z,23.18,76.9,BuildingB_Floor1,TypeA
1058,2025-04-06T15:02:08.000Z,27.72,77.25,BuildingA_Floor1,TypeC
1099,2025-04-03T18:05:13.000Z,18.92,76.09,BuildingB_Floor1,TypeB
1085,2025-04-03T06:31:07.000Z,22.94,38.34,BuildingA_Floor2,TypeC
1043,2025-04-03T08:59:01.000Z,15.84,70.38,BuildingB_Floor1,TypeB
1095,2025-04-07T18:50:46.000Z,31.9,69.06,BuildingB_Floor2,TypeC
1094,2025-04-05T18:28:41.000Z,31.26,72.46,BuildingB_Floor1,TypeA
1039,2025-04-06T13:05:13.000Z,20.72,50.82,BuildingA_Floor2,TypeA
1080,2025-04-07T06:50:17.000Z,20.97,72.11,BuildingB_Floor1,TypeC
1056,2025-04-05T13:55:58.000Z,29.05,33.29,BuildingA_Floor2,TypeB
1018,2025-04-07T01:24:51.000Z,24.23,59.27,BuildingB_Floor2,TypeB
1064,2025-04-04T00:00:57.000Z,17.44,70.04,BuildingA_Floor2,TypeB
1067,2025-04-04T17:38:23.000Z,19.52,34.71,BuildingB_Floor2,TypeB
1033,2025-04-05T13:27:24.000Z,16.58,37.62,BuildingB_Floor2,TypeA
1035,2025-04-07T01:37:16.000Z,27.59,74.91,BuildingA_Floor2,TypeC
1068,2025-04-04T16:07:37.000Z,16.8,43.93,BuildingA_Floor1,TypeA
1091,2025-04-04T17:33:37.000Z,17.18,41.4,BuildingB_Floor2,TypeA
1081,2025-04-06T23:02:48.000Z,24.07,35.94,BuildingB_Floor2,TypeB
1065,2025-04-07T09:21:23.000Z,21.43,36.69,BuildingA_Floor2,TypeA
1052,2025-04-06T03:52:38.000Z,29.74,45.4,BuildingB_Floor1,TypeC
1039,2025-04-07T04:15:33.000Z,29.83,43.46,BuildingA_Floor2,TypeA
1041,2025-04-05T19:10:05.000Z,32.68,41.2,BuildingB_Floor1,TypeB
1079,2025-04-05T14:25:15.000Z,20.68,52.01,BuildingA_Floor2,TypeB
1065,2025-04-06T12:15:56.000Z,26.91,62.7,BuildingA_Floor2,TypeB
1094,2025-04-04T21:13:36.000Z,33.06,44.82,BuildingB_Floor2,TypeA
1076,2025-04-05T01:35:18.000Z,34.77,54.59,BuildingA_Floor1,TypeC
1017,2025-04-07T04:29:36.000Z,30.99,31.67,BuildingA_Floor2,TypeA
1061,2025-04-06T09:44:47.000Z,32.21,32.06,BuildingA_Floor1,TypeC
1065,2025-04-07T06:20:06.000Z,16.07,48.4,BuildingA_Floor1,TypeB
1049,2025-04-02T21:03:03.000Z,28.9,77.12,BuildingA_Floor2,TypeB
1035,2025-04-07T07:48:53.000Z,18.63,48.45,BuildingB_Floor1,TypeC
1029,2025-04-06T23:54:06.000Z,15.4,48.58,BuildingA_Floor1,TypeB
1026,2025-04-05T09:08:22.000Z,15.91,39.81,BuildingB_Floor1,TypeA
1089,2025-04-06T19:48:45.000Z,17.39,66.44,BuildingB_Floor2,TypeA
1021,2025-04-04T10:17:42.000Z,32.36,56.62,BuildingA_Floor2,TypeA
1063,2025-04-05T08:14:54.000Z,22.47,47.28,BuildingB_Floor2,TypeA
1042,2025-04-04T11:03:29.000Z,16.35,74.57,BuildingB_Floor1,TypeC
1035,2025-04-05T20:12:12.000Z,26.31,33.61,BuildingA_Floor1,TypeB
1084,2025-04-06T00:40:23.000Z,23.19,37.67,BuildingA_Floor1,TypeC
1010,2025-04-04T06:35:57.000Z,27.35,55.85,BuildingA_Floor2,TypeB
1016,2025-04-03T13:17:12.000Z,27.34,60.86,BuildingB_Floor1,TypeB
1054,2025-04-03T00:20:12.000Z,26.45,47.84,BuildingB_Floor1,TypeC
1027,2025-04-02T23:48:20.000Z,33.13,74.72,BuildingA_Floor1,TypeB
1064,2025-04-03T02:54:09.000Z,26.39,56.16,BuildingB_Floor2,TypeA
1100,2025-04-06T19:10:01.000Z,34.04,79.99,BuildingA_Floor1,TypeC
1021,2025-04-04T11:10:27.000Z,34.78,52.66,BuildingA_Floor2,TypeC
1011,2025-04-04T08:11:12.000Z,16.79,51.27,BuildingA_Floor1,TypeA
1018,2025-04-07T05:46:14.000Z,20.26,57.25,BuildingA_Floor2,TypeC
1081,2025-04-06T01:39:12.000Z,18.5,72.54,BuildingB_Floor1,TypeC
1025,2025-04-03T21:35:00.000Z,19.96,65.21,BuildingB_Floor2,TypeC
1002,2025-04-05T12:07:48.000Z,24.0,52.71,BuildingA_Floor1,TypeA
1096,2025-04-03T19:45:59.000Z,24.74,71.71,BuildingB_Floor1,TypeC
1065,2025-04-06T23:24:53.000Z,23.49,52.07,BuildingB_Floor1,TypeA
1054,2025-04-03T14:18:52.000Z,26.82,31.3,BuildingB_Floor1,TypeC
1075,2025-04-04T10:00:47.000Z,17.42,56.29,BuildingB_Floor2,TypeC
1001,2025-04-04T20:55:45.000Z,34.13,50.17,BuildingB_Floor2,TypeA
1087,2025-04-06T12:32:21.000Z,16.73,75.12,BuildingB_Floor2,TypeA
1029,2025-04-03T19:36:50.000Z,18.15,38.03,BuildingA_Floor1,TypeB
1029,2025-04-05T15:00:03.000Z,34.56,65.46,BuildingB_Floor2,TypeB
1026,2025-04-05T14:59:23.000Z,18.91,48.54,BuildingA_Floor2,TypeB
1018,2025-04-04T10:44:33.000Z,31.49,34.25,BuildingA_Floor2,TypeA
1060,2025-04-06T16:43:52.000Z,24.41,48.06,BuildingA_Floor2,TypeA
1071,2025-04-04T19:19:51.000Z,24.91,47.82,BuildingB_Floor2,TypeC
1049,2025-04-07T19:03:49.000Z,34.01,35.5,BuildingA_Floor1,TypeB
1009,2025-04-04T03:37:39.000Z,21.58,76.63,BuildingA_Floor1,TypeA
1074,2025-04-06T18:28:27.000Z,21.53,78.42,BuildingB_Floor2,TypeB
1026,2025-04-04T10:54:15.000Z,21.09,49.41,BuildingA_Floor1,TypeB
1048,2025-04-06T00:09:11.000Z,30.34,39.32,BuildingA_Floor2,TypeC
1034,2025-04-03T21:01:06.000Z,21.02,50.24,BuildingB_Floor1,TypeC
1048,2025-04-05T16:19:34.000Z,16.78,72.19,BuildingA_Floor1,TypeC
1063,2025-04-04T14:47:51.000Z,29.76,59.49,BuildingA_Floor2,TypeB
1096,2025-04-02T21:28:35.000Z,34.54,53.99,BuildingB_Floor2,TypeC
1006,2025-04-02T23:00:51.000Z,20.45,48.46,BuildingB_Floor2,TypeC
1080,2025-04-05T07:09:00.000Z,18.95,75.7,BuildingB_Floor1,TypeC
1077,2025-04-04T16:12:13.000Z,30.86,51.47,BuildingA_Floor1,TypeC
1070,2025-04-07T04:08:43.000Z,31.9,65.78,BuildingB_Floor2,TypeB
1004,2025-04-04T06:55:43.000Z,18.19,53.38,BuildingB_Floor2,TypeA
1090,2025-04-05T14:34:45.000Z,29.58,37.46,BuildingB_Floor1,TypeB
1039,2025-04-07T06:48:26.000Z,25.53,64.4,BuildingA_Floor2,TypeB
1022,2025-04-03T16:06:07.000Z,31.81,38.7,BuildingA_Floor2,TypeC
1060,2025-04-03T05:56:49.000Z,15.26,79.11,BuildingA_Floor1,TypeA
1096,2025-04-04T03:33:49.000Z,28.34,79.46,BuildingA_Floor2,TypeC
1090,2025-04-07T07:53:59.000Z,31.85,58.45,BuildingA_Floor1,TypeB
1010,2025-04-06T07:50:53.000Z,17.58,66.49,BuildingA_Floor2,TypeB
1029,2025-04-03T17:27:15.000Z,15.22,53.88,BuildingB_Floor2,TypeC
1021,2025-04-04T08:40:53.000Z,28.91,34.12,BuildingA_Floor2,TypeB
1034,2025-04-06T09:19:01.000Z,21.6,34.15,BuildingA_Floor1,TypeA
1069,2025-04-06T17:13:52.000Z,17.39,68.79,BuildingA_Floor2,TypeA
1027,2025-04-04T22:30:43.000Z,25.67,45.71,BuildingB_Floor1,TypeB
1005,2025-04-04T17:34:30.000Z,19.56,58.01,BuildingA_Floor1,TypeC
1043,2025-04-05T23:11:55.000Z,19.18,62.89,BuildingA_Floor2,TypeC
1007,2025-04-05T03:36:43.000Z,15.81,49.1,BuildingB_Floor1,TypeA
1075,2025-04-03T21:23:53.000Z,24.74,77.19,BuildingB_Floor1,TypeA
1016,2025-04-06T21:27:30.000Z,33.74,68.13,BuildingB_Floor2,TypeA
1040,2025-04-03T12:40:59.000Z,24.78,73.83,BuildingB_Floor2,TypeA
1005,2025-04-06T05:18:49.000Z,24.34,41.07,BuildingB_Floor2,TypeC
1097,2025-04-07T04:54:31.000Z,16.75,61.67,BuildingB_Floor1,TypeC
1020,2025-04-03T03:40:20.000Z,22.69,66.71,BuildingA_Floor2,TypeC
1073,2025-04-03T17:19:11.000Z,34.45,68.39,BuildingB_Floor1,TypeC
1070,2025-04-05T22:29:29.000Z,33.46,40.01,BuildingA_Floor1,TypeA
1072,2025-04-07T05:21:50.000Z,33.7,55.3,BuildingB_Floor1,TypeA
1100,2025-04-03T10:45:35.000Z,19.26,53.87,BuildingA_Floor1,TypeA
1003,2025-04-07T03:06:34.000Z,22.27,56.81,BuildingA_Floor1,TypeC
1047,2025-04-04T03:12:28.000Z,26.84,69.81,BuildingA_Floor2,TypeC
1034,2025-04-06T21:05:09.000Z,32.98,73.67,BuildingB_Floor1,TypeC
1090,2025-04-06T06:29:32.000Z,28.53,40.52,BuildingB_Floor1,TypeB
1013,2025-04-04T09:35:55.000Z,31.64,75.26,BuildingB_Floor1,TypeB
1088,2025-04-03T23:12:05.000Z,21.71,64.93,BuildingA_Floor2,TypeB
1060,2025-04-06T09:43:17.000Z,30.61,58.31,BuildingB_Floor1,TypeC
1085,2025-04-07T02:10:18.000Z,21.01,74.84,BuildingB_Floor2,TypeC
1015,2025-04-07T09:59:27.000Z,16.38,78.8,BuildingA_Floor2,TypeC
1059,2025-04-04T14:34:10.000Z,29.28,39.34,BuildingB_Floor1,TypeA
1061,2025-04-03T14:01:49.000Z,19.28,43.59,BuildingA_Floor1,TypeA
1037,2025-04-06T23:22:38.000Z,26.24,62.22,BuildingA_Floor2,TypeB
1066,2025-04-04T21:40:14.000Z,34.38,52.23,BuildingB_Floor1,TypeA
1009,2025-04-06T04:09:45.000Z,17.58,55.04,BuildingA_Floor2,TypeC
1042,2025-04-04T23:57:57.000Z,17.98,43.8,BuildingB_Floor1,TypeB
1033,2025-04-03T11:14:33.000Z,34.85,66.25,BuildingA_Floor2,TypeB
1026,2025-04-02T23:46:23.000Z,34.86,78.98,BuildingA_Floor1,TypeC
1054,2025-04-04T15:59:54.000Z,34.15,60.27,BuildingB_Floor2,TypeA
1046,2025-04-05T02:46:46.000Z,27.26,61.11,BuildingB_Floor2,TypeC
1084,2025-04-06T02:03:57.000Z,30.81,33.64,BuildingB_Floor1,TypeC
1003,2025-04-07T04:03:41.000Z,19.4,75.61,BuildingA_Floor1,TypeB
1037,2025-04-04T23:00:00.000Z,30.13,61.68,BuildingA_Floor1,TypeB
1016,2025-04-03T07:18:42.000Z,24.89,76.99,BuildingB_Floor1,TypeA
1009,2025-04-06T02:09:00.000Z,24.01,34.43,BuildingA_Floor1,TypeB
1013,2025-04-06T01:27:06.000Z,18.65,76.03,BuildingA_Floor1,TypeB
1003,2025-04-04T14:07:31.000Z,26.3,49.13,BuildingA_Floor1,TypeC
1099,2025-04-03T00:37:56.000Z,24.14,46.23,BuildingA_Floor1,TypeC
1016,2025-04-07T18:54:34.000Z,34.37,59.18,BuildingB_Floor1,TypeB
1066,2025-04-07T07:31:57.000Z,23.47,62.19,BuildingB_Floor1,TypeC
1020,2025-04-07T00:33:29.000Z,24.35,50.33,BuildingB_Floor2,TypeB
1085,2025-04-03T07:34:39.000Z,23.98,35.84,BuildingB_Floor1,TypeC
1078,2025-04-07T18:45:15.000Z,22.99,78.76,BuildingA_Floor2,TypeA
1051,2025-04-03T01:44:40.000Z,31.44,59.1,BuildingA_Floor2,TypeB
1016,2025-04-03T22:09:00.000Z,25.35,46.31,BuildingA_Floor2,TypeA
1055,2025-04-06T11:54:41.000Z,34.86,39.26,BuildingA_Floor2,TypeA
1020,2025-04-06T01:04:43.000Z,18.42,63.65,BuildingA_Floor1,TypeB
1094,2025-04-07T06:13:39.000Z,28.16,57.6,BuildingA_Floor2,TypeB
1031,2025-04-06T08:06:34.000Z,19.79,45.77,BuildingA_Floor2,TypeA
1078,2025-04-05T11:56:14.000Z,33.79,42.75,BuildingA_Floor1,TypeB
1084,2025-04-05T17:58:21.000Z,25.99,44.72,BuildingB_Floor1,TypeA
1062,2025-04-03T23:50:56.000Z,32.38,68.71,BuildingA_Floor1,TypeA
1016,2025-04-05T07:59:45.000Z,17.84,38.29,BuildingA_Floor2,TypeB
1008,2025-04-02T23:17:49.000Z,28.02,32.68,BuildingA_Floor2,TypeC
1038,2025-04-05T17:58:02.000Z,22.11,42.14,BuildingA_Floor2,TypeA
1095,2025-04-04T07:57:42.000Z,29.3,47.81,BuildingA_Floor1,TypeC
1043,2025-04-04T11:36:41.000Z,16.38,70.93,BuildingA_Floor1,TypeC
1058,2025-04-04T23:32:00.000Z,24.85,34.0,BuildingB_Floor2,TypeB
1027,2025-04-06T20:31:40.000Z,20.54,63.59,BuildingA_Floor1,TypeC
1011,2025-04-06T03:54:51.000Z,23.56,68.01,BuildingA_Floor2,TypeC
1083,2025-04-05T08:42:34.000Z,33.81,50.35,BuildingB_Floor2,TypeA
1017,2025-04-06T12:24:17.000Z,31.73,79.54,BuildingA_Floor1,TypeB
1078,2025-04-03T15:16:03.000Z,22.72,55.51,BuildingA_Floor1,TypeA
1036,2025-04-06T11:37:39.000Z,17.82,73.68,BuildingB_Floor2,TypeC
1095,2025-04-06T08:35:12.000Z,31.79,79.49,BuildingB_Floor2,TypeA
1023,2025-04-03T02:02:23.000Z,22.32,74.25,BuildingA_Floor1,TypeA
1025,2025-04-03T10:46:03.000Z,32.94,58.88,BuildingB_Floor2,TypeB
1088,2025-04-03T15:02:25.000Z,18.76,55.81,BuildingB_Floor2,TypeC
1098,2025-04-05T14:57:28.000Z,21.29,64.46,BuildingB_Floor1,TypeC
1085,2025-04-05T06:37:54.000Z,29.91,66.42,BuildingA_Floor1,TypeB
1100,2025-04-07T12:48:18.000Z,25.28,70.15,BuildingA_Floor1,TypeC
1040,2025-04-05T20:09:36.000Z,25.76,61.23,BuildingA_Floor1,TypeA
1010,2025-04-07T13:36:40.000Z,33.43,59.37,BuildingA_Floor1,TypeC
1035,2025-04-04T11:57:48.000Z,30.99,56.23,BuildingB_Floor1,TypeB
1048,2025-04-05T10:41:34.000Z,23.36,52.03,BuildingA_Floor2,TypeB
1085,2025-04-06T03:08:03.000Z,22.13,33.44,BuildingB_Floor1,TypeB
1073,2025-04-05T08:51:49.000Z,16.95,48.93,BuildingA_Floor2,TypeA
1097,2025-04-06T22:17:39.000Z,27.4,52.43,BuildingA_Floor1,TypeB
1019,2025-04-07T06:59:10.000Z,33.24,50.82,BuildingB_Floor2,TypeA
1076,2025-04-07T02:42:10.000Z,18.83,38.78,BuildingB_Floor1,TypeB
1057,2025-04-05T12:03:55.000Z,17.69,51.49,BuildingA_Floor2,TypeB
1098,2025-04-07T03:25:07.000Z,34.52,75.23,BuildingB_Floor1,TypeB
1014,2025-04-04T21:15:15.000Z,20.36,31.7,BuildingB_Floor2,TypeA
1063,2025-04-06T21:58:57.000Z,19.8,50.04,BuildingA_Floor2,TypeB
1040,2025-04-05T05:09:31.000Z,17.34,50.13,BuildingB_Floor2,TypeB
1037,2025-04-04T04:23:12.000Z,34.62,71.74,BuildingB_Floor1,TypeB
1061,2025-04-07T09:20:55.000Z,33.18,38.86,BuildingB_Floor1,TypeA
1010,2025-04-05T16:34:08.000Z,20.4,42.38,BuildingB_Floor1,TypeC
1015,2025-04-04T04:33:28.000Z,30.89,41.97,BuildingB_Floor2,TypeA
1002,2025-04-07T10:15:26.000Z,28.7,64.75,BuildingA_Floor2,TypeB
1029,2025-04-05T17:40:36.000Z,28.1,62.09,BuildingA_Floor1,TypeC
1055,2025-04-02T21:47:43.000Z,19.12,35.87,BuildingA_Floor1,TypeA
1030,2025-04-06T14:24:49.000Z,33.97,75.07,BuildingB_Floor2,TypeC
1071,2025-04-02T20:27:07.000Z,26.19,30.73,BuildingA_Floor2,TypeC
1040,2025-04-05T18:11:32.000Z,16.81,66.83,BuildingA_Floor1,TypeC
1088,2025-04-07T12:37:35.000Z,24.95,42.96,BuildingA_Floor1,TypeC
1089,2025-04-03T14:34:45.000Z,30.78,76.07,BuildingA_Floor1,TypeB
1016,2025-04-03T01:08:24.000Z,20.49,74.02,BuildingB_Floor2,TypeA
1010,2025-04-03T05:28:04.000Z,31.62,64.08,BuildingB_Floor1,TypeA
1053,2025-04-04T09:05:10.000Z,33.06,44.67,BuildingB_Floor1,TypeC
1003,2025-04-04T13:18:02.000Z,27.61,58.84,BuildingA_Floor2,TypeA
1080,2025-04-03T12:01:16.000Z,30.53,52.74,BuildingB_Floor1,TypeA
1091,2025-04-04T07:50:41.000Z,32.63,36.72,BuildingB_Floor2,TypeA
1029,2025-04-05T23:30:44.000Z,15.18,52.76,BuildingB_Floor2,TypeA
1080,2025-04-06T20:11:45.000Z,30.4,48.95,BuildingB_Floor2,TypeB
1040,2025-04-06T22:13:31.000Z,28.0,72.13,BuildingA_Floor1,TypeC
1048,2025-04-06T08:50:30.000Z,26.88,40.66,BuildingB_Floor1,TypeA
1000,2025-04-07T15:27:45.000Z,32.12,39.67,BuildingB_Floor2,TypeC
1092,2025-04-07T10:55:26.000Z,28.17,79.79,BuildingB_Floor2,TypeB
1099,2025-04-06T04:21:31.000Z,30.63,76.73,BuildingA_Floor1,TypeC
1032,2025-04-06T12:32:22.000Z,21.83,38.13,BuildingA_Floor1,TypeC
1000,2025-04-03T03:06:39.000Z,33.16,37.47,BuildingB_Floor1,TypeA
1025,2025-04-07T16:29:18.000Z,22.19,51.33,BuildingA_Floor1,TypeC
1060,2025-04-03T22:21:24.000Z,17.56,45.11,BuildingA_Floor1,TypeA
1052,2025-04-05T03:17:36.000Z,28.42,42.26,BuildingB_Floor1,TypeC
1073,2025-04-03T13:00:29.000Z,32.1,48.28,BuildingA_Floor2,TypeB
1095,2025-04-07T03:35:06.000Z,25.84,55.16,BuildingB_Floor2,TypeC
1027,2025-04-04T01:01:21.000Z,25.27,67.34,BuildingB_Floor1,TypeC
1045,2025-04-03T22:01:56.000Z,33.13,71.98,BuildingA_Floor1,TypeB
1044,2025-04-05T12:47:32.000Z,33.05,55.35,BuildingB_Floor1,TypeC
1046,2025-04-02T19:49:25.000Z,20.44,63.99,BuildingA_Floor2,TypeA
1014,2025-04-07T04:03:56.000Z,25.22,35.58,BuildingA_Floor2,TypeC
1095,2025-04-07T05:30:19.000Z,30.88,45.9,BuildingB_Floor1,TypeA
1015,2025-04-06T05:35:16.000Z,20.06,31.08,BuildingB_Floor2,TypeA
1021,2025-04-07T01:08:05.000Z,21.49,72.52,BuildingA_Floor2,TypeA
1006,2025-04-03T22:35:41.000Z,33.5,42.16,BuildingA_Floor2,TypeA
1029,2025-04-03T02:14:09.000Z,28.16,59.7,BuildingB_Floor1,TypeB
1094,2025-04-04T03:32:36.000Z,30.23,69.65,BuildingB_Floor2,TypeC
1042,2025-04-06T14:54:19.000Z,16.14,49.89,BuildingB_Floor1,TypeA
1008,2025-04-07T11:00:55.000Z,20.41,48.77,BuildingB_Floor1,TypeC
1051,2025-04-04T11:25:07.000Z,16.37,50.69,BuildingB_Floor2,TypeB
1054,2025-04-06T16:04:57.000Z,22.89,40.71,BuildingB_Floor2,TypeB
1066,2025-04-04T20:21:36.000Z,26.1,30.97,BuildingA_Floor2,TypeA
1078,2025-04-03T23:46:19.000Z,26.19,52.24,BuildingB_Floor1,TypeB
1017,2025-04-02T20:49:32.000Z,22.81,56.78,BuildingA_Floor2,TypeA
1042,2025-04-04T19:15:56.000Z,32.78,69.44,BuildingB_Floor1,TypeB
1031,2025-04-07T17:38:06.000Z,18.91,62.92,BuildingA_Floor1,TypeC
1048,2025-04-04T22:15:15.000Z,26.65,79.12,BuildingB_Floor1,TypeB
1057,2025-04-03T18:44:56.000Z,30.49,47.36,BuildingA_Floor2,TypeB
1077,2025-04-05T08:59:31.000Z,21.34,35.42,BuildingA_Floor2,TypeC
1030,2025-04-04T15:25:39.000Z,24.43,59.56,BuildingB_Floor1,TypeC
1094,2025-04-04T20:34:27.000Z,19.16,78.04,BuildingA_Floor2,TypeA
1041,2025-04-05T07:30:49.000Z,32.21,51.77,BuildingB_Floor1,TypeB
1041,2025-04-05T00:52:00.000Z,22.47,44.4,BuildingB_Floor2,TypeB
1008,2025-04-05T11:34:36.000Z,29.81,67.92,BuildingB_Floor2,TypeA
1010,2025-04-07T12:00:32.000Z,27.12,77.35,BuildingA_Floor1,TypeB
1070,2025-04-06T17:25:54.000Z,19.0,48.7,BuildingB_Floor2,TypeB
1083,2025-04-04T07:14:22.000Z,27.72,52.46,BuildingA_Floor2,TypeC
1082,2025-04-05T18:51:43.000Z,33.44,40.45,BuildingA_Floor1,TypeA
1031,2025-04-03T02:29:06.000Z,21.99,60.54,BuildingA_Floor1,TypeB
1060,2025-04-07T01:52:39.000Z,33.79,42.71,BuildingA_Floor2,TypeC
1090,2025-04-05T17:29:16.000Z,31.02,73.02,BuildingB_Floor1,TypeA
1053,2025-04-03T19:53:03.000Z,23.41,42.44,BuildingB_Floor2,TypeB
1030,2025-04-07T15:02:39.000Z,24.6,49.81,BuildingA_Floor2,TypeB
1094,2025-04-05T08:43:32.000Z,27.35,67.75,BuildingA_Floor1,TypeC
1051,2025-04-06T13:46:00.000Z,29.91,30.52,BuildingB_Floor2,TypeA
1079,2025-04-06T04:37:47.000Z,20.35,49.59,BuildingA_Floor1,TypeC
1022,2025-04-03T12:07:40.000Z,18.65,52.63,BuildingB_Floor1,TypeB
1086,2025-04-04T03:48:03.000Z,22.51,31.94,BuildingA_Floor1,TypeB
1085,2025-04-06T06:17:35.000Z,34.13,38.67,BuildingA_Floor2,TypeA
1069,2025-04-05T16:55:21.000Z,24.36,56.16,BuildingA_Floor1,TypeB
1071,2025-04-05T18:47:22.000Z,31.13,46.66,BuildingA_Floor2,TypeA
1033,2025-04-03T19:20:00.000Z,27.93,38.11,BuildingB_Floor1,TypeB
1019,2025-04-05T21:44:22.000Z,17.69,32.81,BuildingA_Floor1,TypeA
1098,2025-04-04T04:15:13.000Z,34.02,64.9,BuildingB_Floor2,TypeC
1095,2025-04-07T02:01:44.000Z,19.19,77.04,BuildingB_Floor1,TypeA
1027,2025-04-05T21:30:18.000Z,28.22,44.54,BuildingA_Floor1,TypeB
1068,2025-04-05T09:06:31.000Z,29.49,35.49,BuildingB_Floor2,TypeA
1086,2025-04-03T19:28:29.000Z,33.31,58.98,BuildingA_Floor2,TypeC
1029,2025-04-06T18:18:29.000Z,34.89,72.8,BuildingB_Floor1,TypeC
1097,2025-04-05T07:56:53.000Z,30.96,35.83,BuildingA_Floor1,TypeB
1052,2025-04-04T15:55:12.000Z,33.35,48.64,BuildingB_Floor1,TypeA
1096,2025-04-04T02:19:38.000Z,31.09,36.76,BuildingB_Floor2,TypeC
1084,2025-04-06T03:27:56.000Z,15.21,35.31,BuildingB_Floor1,TypeB
1004,2025-04-06T16:22:21.000Z,28.7,62.29,BuildingB_Floor2,TypeA
1044,2025-04-06T07:34:08.000Z,23.19,47.61,BuildingB_Floor2,TypeA
1032,2025-04-03T14:45:16.000Z,21.49,57.64,BuildingA_Floor2,TypeC
1034,2025-04-02T22:14:36.000Z,27.44,36.83,BuildingB_Floor1,TypeC
1009,2025-04-03T07:54:47.000Z,34.56,74.9,BuildingB_Floor2,TypeC
1068,2025-04-06T07:49:45.000Z,18.8,37.03,BuildingB_Floor2,TypeA
1089,2025-04-07T01:08:46.000Z,30.61,32.04,BuildingB_Floor1,TypeC
1054,2025-04-07T15:09:25.000Z,25.15,35.72,BuildingA_Floor2,TypeC
1074,2025-04-03T02:59:41.000Z,19.92,37.85,BuildingA_Floor1,TypeA
1087,2025-04-06T22:49:37.000Z,33.7,31.07,BuildingA_Floor2,TypeC
1058,2025-04-05T18:03:33.000Z,17.35,43.9,BuildingA_Floor1,TypeA
1063,2025-04-03T20:21:13.000Z,18.13,44.87,BuildingB_Floor2,TypeB
1033,2025-04-06T05:41:00.000Z,31.2,35.09,BuildingA_Floor2,TypeC
1037,2025-04-06T07:58:10.000Z,31.37,72.94,BuildingA_Floor2,TypeC
1055,2025-04-06T08:18:18.000Z,23.05,39.38,BuildingB_Floor2,TypeA
1034,2025-04-06T03:06:45.000Z,21.49,46.11,BuildingA_Floor1,TypeC
1020,2025-04-06T04:45:17.000Z,29.86,45.76,BuildingA_Floor2,TypeC
1039,2025-04-03T03:59:05.000Z,29.04,34.11,BuildingA_Floor2,TypeB
1075,2025-04-05T20:40:42.000Z,29.58,70.04,BuildingA_Floor1,TypeA
1019,2025-04-03T19:54:54.000Z,30.78,67.99,BuildingB_Floor2,TypeC
1094,2025-04-06T10:17:17.000Z,31.85,60.23,BuildingA_Floor2,TypeA
1037,2025-04-07T18:10:01.000Z,19.93,69.38,BuildingA_Floor2,TypeC
1006,2025-04-04T09:03:13.000Z,25.98,47.45,BuildingA_Floor1,TypeA
1048,2025-04-06T21:48:04.000Z,17.29,58.61,BuildingB_Floor2,TypeC
1091,2025-04-04T01:46:55.000Z,16.02,49.73,BuildingB_Floor1,TypeB
1032,2025-04-04T03:41:34.000Z,31.41,38.29,BuildingB_Floor1,TypeC
1024,2025-04-06T11:12:58.000Z,24.22,67.92,BuildingA_Floor1,TypeA
1045,2025-04-06T17:27:12.000Z,28.23,34.19,BuildingA_Floor1,TypeA
1082,2025-04-06T21:10:51.000Z,31.82,62.15,BuildingA_Floor2,TypeC
1054,2025-04-07T14:47:48.000Z,34.49,38.69,BuildingA_Floor1,TypeB
1065,2025-04-04T16:15:15.000Z,19.36,46.57,BuildingA_Floor1,TypeC
1066,2025-04-06T08:07:49.000Z,21.51,44.03,BuildingA_Floor1,TypeA
1057,2025-04-05T11:57:34.000Z,20.37,60.54,BuildingB_Floor2,TypeC
1021,2025-04-06T23:24:14.000Z,27.9,65.22,BuildingA_Floor2,TypeB
1052,2025-04-04T11:02:22.000Z,15.99,49.46,BuildingB_Floor2,TypeB
1013,2025-04-07T14:40:59.000Z,28.7,38.2,BuildingB_Floor1,TypeC
1085,2025-04-03T01:01:29.000Z,29.62,52.46,BuildingA_Floor2,TypeA
1042,2025-04-04T07:01:58.000Z,24.11,72.66,BuildingA_Floor1,TypeC
1012,2025-04-03T12:04:16.000Z,20.08,47.83,BuildingB_Floor2,TypeC
1079,2025-04-03T01:09:17.000Z,17.09,67.59,BuildingB_Floor1,TypeC
1087,2025-04-02T21:22:17.000Z,19.27,73.42,BuildingA_Floor1,TypeC
1040,2025-04-05T16:28:15.000Z,28.9,42.0,BuildingA_Floor2,TypeA
1070,2025-04-07T00:10:40.000Z,24.84,37.81,BuildingA_Floor1,TypeB
1073,2025-04-07T18:51:15.000Z,33.64,75.36,BuildingB_Floor1,TypeC
1041,2025-04-03T22:52:08.000Z,18.87,61.2,BuildingB_Floor1,TypeC
1097,2025-04-04T10:27:51.000Z,32.91,44.02,BuildingB_Floor2,TypeA
1018,2025-04-04T14:53:47.000Z,32.75,54.41,BuildingA_Floor1,TypeB
1009,2025-04-07T09:50:23.000Z,30.85,67.89,BuildingB_Floor1,TypeC
1053,2025-04-06T17:22:11.000Z,31.33,42.63,BuildingB_Floor1,TypeB
1082,2025-04-03T02:17:26.000Z,15.87,52.03,BuildingB_Floor1,TypeB
1024,2025-04-05T14:53:16.000Z,34.92,35.46,BuildingB_Floor1,TypeC
1034,2025-04-05T12:18:11.000Z,24.33,56.51,BuildingA_Floor1,TypeC
1030,2025-04-05T19:05:13.000Z,15.11,56.97,BuildingA_Floor2,TypeC
1013,2025-04-05T11:26:19.000Z,34.35,33.91,BuildingA_Floor1,TypeB
1078,2025-04-05T21:58:33.000Z,25.33,71.47,BuildingA_Floor2,TypeC
1088,2025-04-05T08:24:49.000Z,19.36,50.6,BuildingB_Floor2,TypeA
1070,2025-04-05T01:19:03.000Z,32.31,79.85,BuildingB_Floor1,TypeB
1089,2025-04-06T00:31:02.000Z,21.84,54.78,BuildingB_Floor2,TypeA
1002,2025-04-04T13:31:03.000Z,30.4,65.89,BuildingB_Floor1,TypeC
1068,2025-04-07T17:57:52.000Z,19.86,41.64,BuildingA_Floor2,TypeC
1008,2025-04-05T17:48:48.000Z,15.98,47.07,BuildingB_Floor1,TypeB
1088,2025-04-04T15:31:38.000Z,30.13,79.85,BuildingA_Floor1,TypeB
1053,2025-04-04T17:24:42.000Z,33.85,48.82,BuildingB_Floor2,TypeB
1088,2025-04-05T14:51:00.000Z,22.17,51.58,BuildingB_Floor2,TypeA
1055,2025-04-06T05:27:14.000Z,19.0,34.84,BuildingA_Floor2,TypeA
1028,2025-04-07T01:12:06.000Z,21.55,43.95,BuildingA_Floor1,TypeC
1087,2025-04-07T09:38:16.000Z,24.55,75.71,BuildingB_Floor2,TypeA
1099,2025-04-04T20:45:53.000Z,28.38,32.47,BuildingB_Floor1,TypeC
1065,2025-04-03T10:40:33.000Z,31.69,54.02,BuildingA_Floor2,TypeB
1029,2025-04-04T01:41:09.000Z,19.3,78.07,BuildingB_Floor2,TypeA
1069,2025-04-05T06:50:40.000Z,18.93,50.43,BuildingA_Floor1,TypeB
1009,2025-04-06T17:08:03.000Z,34.04,37.36,BuildingB_Floor1,TypeC
1000,2025-04-06T09:05:14.000Z,34.3,72.69,BuildingB_Floor2,TypeA
1043,2025-04-05T15:23:51.000Z,28.0,33.55,BuildingA_Floor2,TypeB
1075,2025-04-03T17:04:18.000Z,30.92,55.73,BuildingA_Floor2,TypeA
1021,2025-04-04T20:21:59.000Z,18.12,44.47,BuildingB_Floor2,TypeC
1099,2025-04-03T00:19:06.000Z,17.99,52.58,BuildingA_Floor2,TypeA
1092,2025-04-03T22:05:25.000Z,24.4,65.4,BuildingA_Floor1,TypeB
1021,2025-04-05T19:59:10.000Z,26.23,39.94,BuildingB_Floor1,TypeB
1041,2025-04-03T13:58:32.000Z,27.06,49.82,BuildingB_Floor1,TypeB
1009,2025-04-05T09:58:01.000Z,32.34,43.7,BuildingA_Floor2,TypeC
1050,2025-04-07T02:20:03.000Z,30.84,52.15,BuildingA_Floor1,TypeC
1006,2025-04-05T21:00:34.000Z,27.98,61.86,BuildingB_Floor1,TypeB
1049,2025-04-07T07:43:30.000Z,27.86,79.12,BuildingA_Floor2,TypeB
1050,2025-04-06T15:02:04.000Z,30.07,43.92,BuildingA_Floor2,TypeA
1051,2025-04-04T21:13:51.000Z,33.84,47.8,BuildingB_Floor1,TypeB
1011,2025-04-07T09:09:57.000Z,24.38,58.23,BuildingA_Floor1,TypeA
1055,2025-04-07T15:00:25.000Z,23.97,32.86,BuildingB_Floor1,TypeC
1078,2025-04-04T04:37:59.000Z,21.59,40.1,BuildingB_Floor2,TypeC
1087,2025-04-03T14:28:28.000Z,19.21,33.2,BuildingB_Floor2,TypeB
1096,2025-04-07T14:12:05.000Z,18.45,77.77,BuildingA_Floor2,TypeB
1050,2025-04-07T05:10:30.000Z,17.85,45.26,BuildingB_Floor1,TypeA
1000,2025-04-05T07:18:47.000Z,26.43,42.79,BuildingA_Floor2,TypeA
1042,2025-04-05T11:20:32.000Z,18.06,61.87,BuildingA_Floor1,TypeC
1086,2025-04-06T11:44:54.000Z,32.96,68.17,BuildingB_Floor1,TypeB
1014,2025-04-04T03:24:17.000Z,30.01,40.42,BuildingB_Floor1,TypeA
1070,2025-04-05T01:15:32.000Z,33.97,36.42,BuildingB_Floor1,TypeB
1066,2025-04-05T05:47:25.000Z,19.22,46.65,BuildingA_Floor1,TypeC
1055,2025-04-07T03:22:17.000Z,25.93,76.67,BuildingB_Floor2,TypeA
1087,2025-04-03T23:59:03.000Z,24.59,76.47,BuildingB_Floor2,TypeB
1011,2025-04-03T13:48:42.000Z,21.77,78.4,BuildingA_Floor1,TypeB
1087,2025-04-04T05:03:10.000Z,23.87,51.3,BuildingB_Floor1,TypeA
1100,2025-04-03T19:41:58.000Z,15.11,70.4,BuildingA_Floor1,TypeB
1066,2025-04-05T01:59:39.000Z,34.1,74.67,BuildingA_Floor2,TypeC
1038,2025-04-06T07:58:15.000Z,17.68,41.22,BuildingA_Floor2,TypeA
1040,2025-04-05T09:27:19.000Z,29.72,66.1,BuildingB_Floor1,TypeC
1097,2025-04-06T17:42:24.000Z,32.71,39.49,BuildingB_Floor1,TypeB
1072,2025-04-04T18:06:48.000Z,29.32,68.07,BuildingB_Floor2,TypeB
1002,2025-04-04T12:57:32.000Z,28.0,74.05,BuildingB_Floor1,TypeC
1005,2025-04-05T12:00:47.000Z,34.21,52.13,BuildingB_Floor2,TypeB
1019,2025-04-05T14:52:03.000Z,33.64,66.57,BuildingA_Floor1,TypeA
1081,2025-04-03T20:55:58.000Z,31.86,45.4,BuildingA_Floor1,TypeA
1097,2025-04-05T08:10:37.000Z,28.73,60.65,BuildingA_Floor1,TypeC
1047,2025-04-04T23:10:03.000Z,17.4,64.53,BuildingA_Floor1,TypeA
1026,2025-04-02T21:43:22.000Z,32.88,33.95,BuildingA_Floor1,TypeB
1048,2025-04-04T04:22:18.000Z,22.87,79.53,BuildingB_Floor2,TypeB
1017,2025-04-07T02:01:02.000Z,28.93,30.85,BuildingB_Floor2,TypeC
1003,2025-04-05T15:13:22.000Z,15.05,75.56,BuildingA_Floor1,TypeC
1017,2025-04-07T18:40:38.000Z,15.36,59.29,BuildingA_Floor1,TypeC
1098,2025-04-05T04:01:46.000Z,28.28,55.36,BuildingB_Floor1,TypeC
1006,2025-04-06T23:26:00.000Z,28.76,40.43,BuildingA_Floor1,TypeB
1062,2025-04-04T00:41:16.000Z,23.13,43.12,BuildingA_Floor1,TypeC
1007,2025-04-03T23:17:49.000Z,19.83,60.77,BuildingB_Floor1,TypeA
1035,2025-04-03T10:04:43.000Z,17.21,32.6,BuildingB_Floor1,TypeB
1005,2025-04-06T22:02:41.000Z,32.91,32.44,BuildingA_Floor1,TypeA
1032,2025-04-06T21:43:32.000Z,32.76,51.11,BuildingA_Floor2,TypeC
1045,2025-04-05T03:18:29.000Z,17.54,42.77,BuildingA_Floor1,TypeA
1077,2025-04-04T19:45:09.000Z,19.79,62.72,BuildingB_Floor1,TypeB
1037,2025-04-06T06:09:57.000Z,19.04,37.04,BuildingB_Floor1,TypeB
1060,2025-04-05T20:56:47.000Z,25.72,50.38,BuildingA_Floor1,TypeC
1051,2025-04-07T07:21:39.000Z,22.53,64.29,BuildingB_Floor2,TypeB
1020,2025-04-06T11:14:15.000Z,31.74,68.51,BuildingA_Floor2,TypeC
1058,2025-04-03T21:00:41.000Z,24.89,65.65,BuildingB_Floor2,TypeC
1054,2025-04-02T22:11:50.000Z,28.57,63.91,BuildingB_Floor1,TypeC
1059,2025-04-03T00:19:25.000Z,21.08,71.11,BuildingB_Floor1,TypeC
1034,2025-04-04T05:55:08.000Z,34.63,32.22,BuildingA_Floor1,TypeA
1073,2025-04-03T17:55:52.000Z,19.97,54.7,BuildingA_Floor2,TypeC
1070,2025-04-06T17:07:19.000Z,34.92,67.88,BuildingB_Floor1,TypeC
1095,2025-04-07T14:39:00.000Z,32.62,73.77,BuildingA_Floor2,TypeC
1079,2025-04-03T14:12:01.000Z,30.03,45.87,BuildingA_Floor1,TypeC
1025,2025-04-05T12:54:31.000Z,22.71,61.4,BuildingB_Floor2,TypeC
1096,2025-04-03T08:12:34.000Z,22.77,55.82,BuildingA_Floor1,TypeB
1020,2025-04-05T06:20:10.000Z,17.11,44.31,BuildingB_Floor1,TypeC
1075,2025-04-04T03:43:50.000Z,33.32,63.49,BuildingB_Floor2,TypeB
1057,2025-04-06T19:47:38.000Z,28.84,33.9,BuildingA_Floor2,TypeA
1074,2025-04-05T08:16:12.000Z,25.05,53.8,BuildingA_Floor2,TypeC
1049,2025-04-05T08:49:05.000Z,31.42,55.46,BuildingB_Floor1,TypeC
1073,2025-04-06T08:13:00.000Z,32.93,53.17,BuildingB_Floor2,TypeB
1001,2025-04-05T18:00:17.000Z,18.72,65.9,BuildingB_Floor1,TypeB
1042,2025-04-04T17:13:43.000Z,15.79,51.87,BuildingB_Floor2,TypeA
1034,2025-04-05T06:28:16.000Z,28.04,42.12,BuildingB_Floor2,TypeB
1029,2025-04-05T18:14:01.000Z,21.88,33.58,BuildingB_Floor2,TypeB
1052,2025-04-05T23:07:45.000Z,28.53,74.26,BuildingB_Floor1,TypeB
1033,2025-04-06T19:01:09.000Z,15.98,48.14,BuildingB_Floor1,TypeA
1000,2025-04-06T03:50:24.000Z,16.58,49.21,BuildingA_Floor1,TypeB
1038,2025-04-03T15:27:28.000Z,17.8,51.74,BuildingA_Floor2,TypeC
1005,2025-04-03T14:31:47.000Z,20.65,48.87,BuildingA_Floor2,TypeA
1087,2025-04-07T07:23:45.000Z,34.71,43.65,BuildingB_Floor1,TypeC
1002,2025-04-05T02:43:14.000Z,19.24,58.09,BuildingB_Floor2,TypeA
1024,2025-04-03T10:47:42.000Z,16.32,38.94,BuildingB_Floor2,TypeB
1012,2025-04-07T11:50:13.000Z,28.96,40.24,BuildingB_Floor1,TypeB
1010,2025-04-05T13:52:25.000Z,17.34,33.66,BuildingA_Floor1,TypeA
1033,2025-04-05T22:34:23.000Z,20.62,45.66,BuildingB_Floor2,TypeA
1024,2025-04-04T23:03:15.000Z,24.99,59.03,BuildingB_Floor1,TypeA
1058,2025-04-04T21:32:12.000Z,25.39,79.27,BuildingA_Floor1,TypeA
1092,2025-04-03T06:10:46.000Z,23.78,54.12,BuildingB_Floor1,TypeA
1082,2025-04-06T20:31:05.000Z,22.31,31.34,BuildingA_Floor2,TypeA
1054,2025-04-05T15:47:48.000Z,23.72,61.11,BuildingB_Floor1,TypeB
1020,2025-04-05T00:04:07.000Z,16.4,44.76,BuildingB_Floor2,TypeA
1027,2025-04-04T21:13:51.000Z,17.08,69.39,BuildingA_Floor2,TypeB
1081,2025-04-05T08:20:52.000Z,32.09,65.05,BuildingA_Floor1,TypeC
1093,2025-04-06T09:20:17.000Z,21.79,67.89,BuildingB_Floor2,TypeA
1034,2025-04-05T03:52:11.000Z,24.28,36.02,BuildingA_Floor1,TypeA
1094,2025-04-05T02:38:11.000Z,26.01,44.09,BuildingB_Floor1,TypeA
1087,2025-04-06T10:19:42.000Z,17.34,77.27,BuildingA_Floor1,TypeB
1008,2025-04-04T16:55:43.000Z,29.23,67.53,BuildingB_Floor2,TypeA
1005,2025-04-03T23:17:16.000Z,27.77,69.66,BuildingA_Floor2,TypeA
1025,2025-04-06T11:39:33.000Z,27.33,40.37,BuildingA_Floor1,TypeC
1085,2025-04-04T01:51:19.000Z,20.85,66.2,BuildingB_Floor2,TypeB
1016,2025-04-04T00:30:03.000Z,27.0,65.79,BuildingA_Floor1,TypeB
1030,2025-04-03T02:39:15.000Z,24.91,63.77,BuildingA_Floor1,TypeA
1077,2025-04-06T17:33:31.000Z,28.92,71.62,BuildingA_Floor2,TypeC
1026,2025-04-04T01:31:17.000Z,32.65,36.35,BuildingB_Floor2,TypeA
1079,2025-04-07T04:12:44.000Z,19.33,69.68,BuildingA_Floor2,TypeA
1009,2025-04-04T02:23:27.000Z,31.07,48.46,BuildingA_Floor1,TypeA
1002,2025-04-05T04:52:32.000Z,17.29,66.96,BuildingB_Floor1,TypeB
1031,2025-04-05T04:55:36.000Z,20.84,45.87,BuildingA_Floor1,TypeA
1065,2025-04-07T06:30:33.000Z,22.26,69.49,BuildingA_Floor1,TypeA
1063,2025-04-04T01:52:41.000Z,25.85,45.13,BuildingA_Floor2,TypeC
1031,2025-04-04T17:18:12.000Z,25.76,70.55,BuildingB_Floor2,TypeC
1049,2025-04-05T12:28:57.000Z,20.23,39.44,BuildingB_Floor1,TypeB
1073,2025-04-07T03:38:20.000Z,28.51,71.84,BuildingB_Floor1,TypeC
1021,2025-04-07T11:48:31.000Z,33.17,52.71,BuildingB_Floor2,TypeC
1058,2025-04-04T11:05:39.000Z,27.3,59.15,BuildingB_Floor2,TypeA
1081,2025-04-05T13:18:28.000Z,20.43,43.18,BuildingA_Floor1,TypeB
1048,2025-04-04T07:50:30.000Z,24.77,73.41,BuildingA_Floor2,TypeC
1072,2025-04-04T03:42:09.000Z,34.18,50.76,BuildingA_Floor1,TypeC
1058,2025-04-06T05:05:10.000Z,28.16,72.95,BuildingB_Floor1,TypeA
1017,2025-04-07T06:16:42.000Z,15.91,60.16,BuildingA_Floor2,TypeA
1043,2025-04-05T17:26:03.000Z,17.68,67.58,BuildingB_Floor1,TypeA
1017,2025-04-03T17:50:46.000Z,26.38,42.8,BuildingA_Floor1,TypeC
1063,2025-04-06T10:28:08.000Z,29.26,35.36,BuildingB_Floor2,TypeB
1091,2025-04-04T15:51:52.000Z,30.87,53.77,BuildingA_Floor1,TypeA
1055,2025-04-02T19:26:05.000Z,24.26,71.36,BuildingB_Floor2,TypeB
1091,2025-04-07T00:37:34.000Z,16.18,65.17,BuildingA_Floor2,TypeC
1039,2025-04-03T06:12:25.000Z,29.49,65.73,BuildingA_Floor2,TypeB
1028,2025-04-03T11:51:54.000Z,21.93,74.57,BuildingB_Floor1,TypeC
1076,2025-04-04T10:36:18.000Z,21.66,33.31,BuildingB_Floor2,TypeA
1089,2025-04-03T20:38:04.000Z,15.21,73.82,BuildingB_Floor2,TypeA
1050,2025-04-06T19:53:02.000Z,22.25,72.95,BuildingB_Floor1,TypeB
1012,2025-04-04T02:09:34.000Z,27.1,70.98,BuildingB_Floor2,TypeC
1071,2025-04-06T18:00:39.000Z,15.72,34.42,BuildingA_Floor2,TypeA
1086,2025-04-03T05:14:39.000Z,18.31,34.1,BuildingA_Floor2,TypeC
1027,2025-04-06T06:35:06.000Z,18.41,74.38,BuildingB_Floor1,TypeA
1085,2025-04-05T09:04:16.000Z,27.14,68.43,BuildingB_Floor1,TypeC
1008,2025-04-03T10:23:05.000Z,29.66,47.86,BuildingA_Floor2,TypeA
1052,2025-04-05T14:08:32.000Z,16.49,31.94,BuildingB_Floor2,TypeA
1051,2025-04-03T19:55:26.000Z,31.5,45.96,BuildingA_Floor1,TypeA
1084,2025-04-05T01:23:13.000Z,20.56,46.15,BuildingB_Floor2,TypeC
1069,2025-04-06T22:45:01.000Z,32.13,56.14,BuildingB_Floor2,TypeC
1065,2025-04-03T13:10:46.000Z,26.21,54.14,BuildingA_Floor1,TypeB
1011,2025-04-07T11:36:34.000Z,31.81,73.34,BuildingA_Floor1,TypeA
1065,2025-04-04T05:31:27.000Z,26.5,30.05,BuildingB_Floor2,TypeC
1063,2025-04-07T01:12:34.000Z,20.89,65.65,BuildingA_Floor2,TypeB
1077,2025-04-04T07:20:32.000Z,22.0,40.12,BuildingB_Floor2,TypeC
1030,2025-04-06T07:34:43.000Z,22.02,67.94,BuildingB_Floor2,TypeC
1017,2025-04-04T07:27:51.000Z,19.99,68.43,BuildingB_Floor2,TypeC
1051,2025-04-06T20:02:38.000Z,22.24,49.73,BuildingA_Floor1,TypeC
1007,2025-04-03T01:30:22.000Z,29.85,51.5,BuildingB_Floor1,TypeC
1060,2025-04-06T14:30:46.000Z,15.1,68.59,BuildingA_Floor2,TypeB
1089,2025-04-03T13:25:53.000Z,21.81,41.9,BuildingA_Floor2,TypeC
1074,2025-04-03T03:09:52.000Z,28.43,60.59,BuildingA_Floor1,TypeC
1031,2025-04-07T13:31:56.000Z,29.32,43.76,BuildingA_Floor1,TypeB
1038,2025-04-06T16:55:33.000Z,33.59,61.61,BuildingB_Floor2,TypeB
1044,2025-04-02T19:31:24.000Z,18.51,34.03,BuildingA_Floor1,TypeC
1003,2025-04-05T22:56:32.000Z,15.07,52.86,BuildingB_Floor2,TypeB
1068,2025-04-06T17:33:38.000Z,23.23,43.31,BuildingB_Floor1,TypeC
1055,2025-04-07T16:21:15.000Z,24.4,37.01,BuildingB_Floor2,TypeB
1029,2025-04-02T20:59:28.000Z,21.08,68.72,BuildingB_Floor2,TypeC
1034,2025-04-04T14:17:18.000Z,25.39,63.73,BuildingB_Floor2,TypeB
1035,2025-04-03T13:07:37.000Z,30.5,54.65,BuildingA_Floor1,TypeA
1093,2025-04-03T19:29:04.000Z,23.78,48.11,BuildingB_Floor2,TypeA
1095,2025-04-04T20:33:49.000Z,25.07,46.37,BuildingA_Floor1,TypeB
1076,2025-04-06T08:12:46.000Z,30.78,55.58,BuildingB_Floor2,TypeB
1000,2025-04-07T16:48:15.000Z,26.53,78.36,BuildingA_Floor1,TypeB
1044,2025-04-06T23:48:10.000Z,30.02,72.53,BuildingB_Floor2,TypeB
